Pkey,SystemTime,IP,PCName,SettingTarget,SettingID,SettingName,Event,Status
1,2024-01-02 11:27:40.877,10.44.94.152,WHFOA4162,欄位設定,1,11111,Add,Success
2,2024-01-02 11:31:59.170,10.44.94.152,WHFOA4162,邏輯設定,0,OP參數,Add,Success
1002,2024-01-04 14:48:33.610,10.44.94.152,WHFOA4162,站點設定,97,TEST,Add,Success
1003,2024-01-04 14:48:41.793,10.44.94.152,WHFOA4162,欄位設定,1,Test,Add,Success
1004,2024-01-04 14:48:51.653,10.44.94.152,WHFOA4162,欄位設定,2,Test2,Add,Success
1005,2024-01-04 14:49:13.390,10.44.94.152,WHFOA4162,邏輯設定,0,愉進系統,Add,Success
1006,2024-01-04 14:57:58.433,10.44.84.27,WHFOU00447,欄位設定,1,板厚,Add,Success
1007,2024-01-04 15:02:33.457,10.44.84.27,WHFOU00447,邏輯設定,0,愉進系統,Add,Success
1008,2024-01-04 15:10:30.703,10.44.84.27,WHFOU00447,邏輯設定,1,愉進系統,,Fail
1009,2024-01-04 15:10:38.550,10.44.84.27,WHFOU00447,邏輯設定,1,其他,Update,Success
1010,2024-01-04 15:12:07.400,10.44.84.27,WHFOU00447,邏輯設定,1,其他,Update,Success
1011,2024-01-04 15:15:14.650,10.44.84.27,WHFOU00447,欄位設定,1,,Add,Fail
1012,2024-01-04 15:19:16.727,10.44.84.27,WHFOU00447,欄位設定,2,咬蝕量,Add,Success
1013,2024-01-04 15:19:26.573,10.44.84.27,WHFOU00447,欄位設定,3,咬蝕量規格,Add,Success
1014,2024-01-04 15:20:36.723,10.44.84.27,WHFOU00447,欄位設定,4,最大銅厚,Add,Success
1015,2024-01-04 15:21:17.173,10.44.84.27,WHFOU00447,欄位設定,5,最小銅厚,Add,Success
1016,2024-01-04 15:21:34.937,10.44.84.27,WHFOU00447,欄位設定,6,平均銅厚,Add,Success
1017,2024-01-04 15:21:41.737,10.44.84.27,WHFOU00447,欄位設定,7,銅厚規格,Add,Success
1018,2024-01-04 15:21:54.733,10.44.84.27,WHFOU00447,欄位設定,8,線速,Add,Success
1019,2024-01-04 15:22:12.737,10.44.84.27,WHFOU00447,欄位設定,9,板邊編號(抽兩片),Add,Success
1020,2024-01-04 15:22:31.270,10.44.84.27,WHFOU00447,欄位設定,10,板厚,Add,Success
1021,2024-01-04 15:45:04.197,10.44.84.27,WHFOU00447,欄位設定,11,板厚,Add,Success
1022,2024-01-04 15:45:23.200,10.44.84.27,WHFOU00447,欄位設定,12,烘烤溫度/時間(OVEN),Add,Success
1023,2024-01-04 15:45:34.820,10.44.84.27,WHFOU00447,欄位設定,13,Rack編號,Add,Success
1024,2024-01-04 15:45:47.687,10.44.84.27,WHFOU00447,欄位設定,14,鋼印資料,Add,Success
1025,2024-01-04 15:50:43.283,10.44.84.27,WHFOU00447,欄位設定,15,Pin孔到板邊距離(左)綠膠側(上)Green254mm+/-1mm,Add,Success
1026,2024-01-04 16:47:24.140,10.44.84.27,WHFOU00447,欄位設定,16,Pin孔到板邊距離(右)白膠側(上)White254mm+/-1mm,Add,Success
1027,2024-01-04 16:48:00.487,10.44.84.27,WHFOU00447,欄位設定,17,PIN孔邊與板邊距離左(綠膠側),Add,Success
1028,2024-01-04 16:48:28.217,10.44.84.27,WHFOU00447,欄位設定,18,PIN孔邊與板邊距離 右(白膠側),Add,Success
1029,2024-01-04 16:50:33.353,10.44.84.27,WHFOU00447,欄位設定,19,板厚,Add,Success
1030,2024-01-04 17:04:40.437,10.44.84.27,WHFOU00447,欄位設定,0,,Add,Fail
1031,2024-01-04 17:08:11.087,10.44.84.27,WHFOU00447,欄位設定,20,Thickness,Add,Success
1032,2024-01-04 17:08:41.647,10.44.84.27,WHFOU00447,欄位設定,21,Softness,Add,Success
1033,2024-01-04 17:09:06.530,10.44.84.27,WHFOU00447,欄位設定,22,Hardness,Add,Success
1034,2024-01-04 17:09:27.147,10.44.84.27,WHFOU00447,欄位設定,23,Thoughness,Add,Success
1035,2024-01-04 17:13:13.860,10.44.84.27,WHFOU00447,欄位設定,24,Test,Add,Success
1036,2024-01-04 17:19:41.443,10.44.84.27,WHFOU00447,欄位設定,25,Link,Add,Success
1037,2024-01-04 17:19:58.747,10.44.84.27,WHFOU00447,欄位設定,26,Need To Fill,Add,Success
1038,2024-01-04 17:29:27.377,10.44.84.27,WHFOU00447,邏輯設定,0,OP參數,Add,Success
1039,2024-01-04 17:32:15.173,10.44.84.27,WHFOU00447,邏輯設定,2,SPC,Update,Success
1040,2024-01-04 17:32:32.967,10.44.84.27,WHFOU00447,邏輯設定,2,SPC,Update,Success
1041,2024-01-04 17:35:51.180,10.44.94.152,WHFOA4162,欄位設定,10,板厚,Update,Success
1042,2024-01-04 17:43:56.253,10.44.84.27,WHFOU00447,邏輯設定,2,SPC,Update,Success
1043,2024-01-04 17:44:57.450,10.44.84.27,WHFOU00447,邏輯設定,2,SPC,Update,Success
1044,2024-01-04 17:50:37.497,10.44.84.27,WHFOU00447,欄位設定,10,板厚,Update,Success
1045,2024-01-04 17:50:39.780,10.44.84.27,WHFOU00447,欄位設定,10,,Add,Fail
1046,2024-01-04 18:42:25.033,10.44.84.27,WHFOU00447,欄位設定,26,Del,Update,Success
1047,2024-01-04 18:50:54.763,10.44.84.27,WHFOU00447,欄位設定,25,Del,Update,Success
1048,2024-01-04 18:51:04.837,10.44.84.27,WHFOU00447,欄位設定,24,Del,Update,Success
1049,2024-01-04 18:51:46.360,10.44.84.27,WHFOU00447,欄位設定,23,Del,Update,Success
1050,2024-01-04 18:51:56.607,10.44.84.27,WHFOU00447,欄位設定,22,Del,Update,Success
1051,2024-01-04 18:52:18.263,10.44.84.27,WHFOU00447,欄位設定,21,Del,Update,Success
1052,2024-01-04 18:52:26.783,10.44.84.27,WHFOU00447,欄位設定,20,Del,Update,Success
1053,2024-01-04 18:52:48.103,10.44.84.27,WHFOU00447,欄位設定,19,Del,Update,Success
1054,2024-01-04 18:52:54.367,10.44.84.27,WHFOU00447,欄位設定,19,,Update,Fail
1055,2024-01-04 18:52:58.227,10.44.84.27,WHFOU00447,欄位設定,20,Del,Update,Success
1056,2024-01-04 18:53:06.833,10.44.84.27,WHFOU00447,欄位設定,20,Del,Update,Success
1057,2024-01-04 19:06:33.150,10.44.84.27,WHFOU00447,欄位設定,21,Del,Update,Success
1058,2024-01-04 19:06:37.847,10.44.84.27,WHFOU00447,欄位設定,21,Del,Update,Success
1059,2024-01-04 19:06:41.663,10.44.84.27,WHFOU00447,欄位設定,20,Del,Update,Success
1060,2024-01-04 19:06:51.087,10.44.84.27,WHFOU00447,欄位設定,22,Del,Update,Success
1061,2024-01-04 19:07:05.617,10.44.84.27,WHFOU00447,欄位設定,23,Del,Update,Success
1062,2024-01-04 19:07:09.210,10.44.84.27,WHFOU00447,欄位設定,24,Del,Update,Success
1063,2024-01-04 19:07:12.630,10.44.84.27,WHFOU00447,欄位設定,25,Del,Update,Success
1064,2024-01-04 19:07:16.483,10.44.84.27,WHFOU00447,欄位設定,26,Del,Update,Success
1065,2024-01-04 19:07:25.077,10.44.84.27,WHFOU00447,欄位設定,25,Del,Update,Success
1066,2024-01-04 19:07:27.773,10.44.84.27,WHFOU00447,欄位設定,24,Del,Update,Success
1067,2024-01-04 19:07:31.650,10.44.84.27,WHFOU00447,欄位設定,23,Del,Update,Success
1068,2024-01-04 19:07:36.480,10.44.84.27,WHFOU00447,欄位設定,21,Del,Update,Success
1069,2024-01-04 19:09:08.280,10.44.84.27,WHFOU00447,欄位設定,10,Del,Update,Success
1070,2024-01-04 19:09:13.230,10.44.84.27,WHFOU00447,欄位設定,9,板邊編號(抽兩片),Update,Success
1071,2024-01-04 19:09:21.143,10.44.84.27,WHFOU00447,欄位設定,8,線速,Update,Success
1072,2024-01-04 19:11:20.813,10.44.84.27,WHFOU00447,欄位設定,8,線速,Update,Success
1073,2024-01-04 19:11:24.497,10.44.84.27,WHFOU00447,欄位設定,7,銅厚規格,Update,Success
1074,2024-01-04 19:11:27.843,10.44.84.27,WHFOU00447,欄位設定,6,平均銅厚,Update,Success
1075,2024-01-04 19:11:30.690,10.44.84.27,WHFOU00447,欄位設定,5,最小銅厚,Update,Success
1076,2024-01-04 19:11:33.080,10.44.84.27,WHFOU00447,欄位設定,4,最大銅厚,Update,Success
1077,2024-01-04 19:11:35.360,10.44.84.27,WHFOU00447,欄位設定,3,咬蝕量規格,Update,Success
1078,2024-01-04 19:11:38.023,10.44.84.27,WHFOU00447,欄位設定,2,咬蝕量,Update,Success
1079,2024-01-04 19:14:33.510,10.44.84.27,WHFOU00447,欄位設定,11,板厚,Update,Success
1080,2024-01-04 19:14:39.477,10.44.84.27,WHFOU00447,欄位設定,11,板厚,Update,Success
1081,2024-01-04 19:14:42.070,10.44.84.27,WHFOU00447,欄位設定,11,板厚,Update,Success
1082,2024-01-04 19:14:44.653,10.44.84.27,WHFOU00447,欄位設定,12,烘烤溫度/時間(OVEN),Update,Success
1083,2024-01-04 19:14:47.193,10.44.84.27,WHFOU00447,欄位設定,13,Rack編號,Update,Success
1084,2024-01-04 19:14:50.170,10.44.84.27,WHFOU00447,欄位設定,14,鋼印資料,Update,Success
1085,2024-01-04 19:15:38.180,10.44.84.27,WHFOU00447,欄位設定,27,咬蝕量,Add,Success
1086,2024-01-04 19:16:36.430,10.44.84.27,WHFOU00447,欄位設定,27,,Add,Fail
1087,2024-01-04 19:16:44.017,10.44.84.27,WHFOU00447,欄位設定,27,咬蝕量,Update,Success
1088,2024-01-04 19:16:45.563,10.44.84.27,WHFOU00447,欄位設定,27,,Add,Fail
1089,2024-01-04 19:17:09.500,10.44.84.27,WHFOU00447,欄位設定,28,鍍銅前底銅厚度,Add,Success
1090,2024-01-04 19:17:36.333,10.44.84.27,WHFOU00447,欄位設定,28,規格,Update,Success
1091,2024-01-04 19:18:04.710,10.44.84.27,WHFOU00447,欄位設定,29,鍍銅前底銅厚度,Add,Success
1092,2024-01-04 19:18:15.107,10.44.84.27,WHFOU00447,欄位設定,30,電鍍線速,Add,Success
1093,2024-01-04 19:18:26.150,10.44.84.27,WHFOU00447,欄位設定,31,電鍍電流,Add,Success
1094,2024-01-04 19:18:35.427,10.44.84.27,WHFOU00447,欄位設定,32,電流密度,Add,Success
1095,2024-01-04 19:18:49.860,10.44.84.27,WHFOU00447,欄位設定,33,最大銅厚,Add,Success
1096,2024-01-04 19:18:56.577,10.44.84.27,WHFOU00447,欄位設定,34,最小銅厚,Add,Success
1097,2024-01-04 19:19:10.287,10.44.84.27,WHFOU00447,欄位設定,35,平均銅厚,Add,Success
1098,2024-01-04 19:19:13.160,10.44.84.27,WHFOU00447,欄位設定,34,最小銅厚,Update,Success
1099,2024-01-04 19:19:14.467,10.44.84.27,WHFOU00447,欄位設定,34,,Add,Fail
1100,2024-01-04 19:19:20.783,10.44.84.27,WHFOU00447,欄位設定,36,銅厚規格,Add,Success
1101,2024-01-04 19:19:48.220,10.44.84.27,WHFOU00447,欄位設定,37,烘烤溫度/時間(OVEN),Add,Success
1102,2024-01-04 19:20:13.560,10.44.84.27,WHFOU00447,欄位設定,38,板厚,Add,Success
1103,2024-01-04 19:20:22.507,10.44.84.27,WHFOU00447,欄位設定,39,使用參數,Add,Success
1104,2024-01-04 19:20:29.960,10.44.84.27,WHFOU00447,欄位設定,40,樹酯,Add,Success
1105,2024-01-04 19:20:34.967,10.44.84.27,WHFOU00447,欄位設定,41,首片板號,Add,Success
1106,2024-01-04 19:20:42.427,10.44.84.27,WHFOU00447,欄位設定,42,樹脂罐號,Add,Success
1107,2024-01-04 19:21:06.247,10.44.84.27,WHFOU00447,欄位設定,43,網板料號,Add,Success
1108,2024-01-04 19:21:19.130,10.44.84.27,WHFOU00447,欄位設定,44,網板編號,Add,Success
1109,2024-01-04 19:21:28.013,10.44.84.27,WHFOU00447,欄位設定,45,樹脂種類,Add,Success
1110,2024-01-04 19:21:37.997,10.44.84.27,WHFOU00447,欄位設定,46,樹脂罐號,Add,Success
1111,2024-01-04 19:21:47.083,10.44.84.27,WHFOU00447,欄位設定,47,印刷速度,Add,Success
1112,2024-01-04 19:21:55.420,10.44.84.27,WHFOU00447,欄位設定,46,樹脂罐號,Update,Success
1113,2024-01-04 19:21:58.040,10.44.84.27,WHFOU00447,欄位設定,45,樹脂種類,Update,Success
1114,2024-01-04 19:22:05.100,10.44.84.27,WHFOU00447,欄位設定,44,網板編號,Update,Success
1115,2024-01-04 19:22:59.317,10.44.84.27,WHFOU00447,欄位設定,48,板間隙,Add,Success
1116,2024-01-04 19:23:16.227,10.44.84.27,WHFOU00447,欄位設定,49,印刷角度,Add,Success
1117,2024-01-04 19:23:21.767,10.44.84.27,WHFOU00447,欄位設定,45,樹脂種類,Update,Success
1118,2024-01-04 19:23:29.833,10.44.84.27,WHFOU00447,欄位設定,49,印刷角度,Update,Success
1119,2024-01-04 19:24:08.910,10.44.84.27,WHFOU00447,欄位設定,50,烘烤溫度/時間(OVEN),Add,Success
1120,2024-01-04 19:24:49.250,10.44.84.27,WHFOU00447,欄位設定,51,打PIN深度(0.6~2.0mm),Add,Success
1121,2024-01-04 19:24:56.783,10.44.84.27,WHFOU00447,欄位設定,18,PIN孔邊與板邊距離 右(白膠側),Update,Success
1122,2024-01-04 19:25:00.390,10.44.84.27,WHFOU00447,欄位設定,17,PIN孔邊與板邊距離左(綠膠側),Update,Success
1123,2024-01-04 19:25:03.510,10.44.84.27,WHFOU00447,欄位設定,16,Pin孔到板邊距離(右)白膠側(上)White254mm+/-1mm,Update,Success
1124,2024-01-04 19:25:06.430,10.44.84.27,WHFOU00447,欄位設定,15,Pin孔到板邊距離(左)綠膠側(上)Green254mm+/-1mm,Update,Success
1125,2024-01-05 11:19:09.647,10.44.84.27,WHFOU00447,欄位設定,15,Pin孔到板邊距離(左)綠膠側(上),Update,Success
1126,2024-01-05 11:19:20.863,10.44.84.27,WHFOU00447,欄位設定,16,Pin孔到板邊距離(右)白膠側(上),Update,Success
1127,2024-01-05 11:19:28.017,10.44.84.27,WHFOU00447,欄位設定,17,PIN孔邊與板邊距離左(綠膠側),Update,Success
1128,2024-01-05 11:19:31.503,10.44.84.27,WHFOU00447,欄位設定,18,PIN孔邊與板邊距離 右(白膠側),Update,Success
1129,2024-01-05 11:19:41.067,10.44.84.27,WHFOU00447,欄位設定,51,打PIN深度(0.6~2.0mm),Update,Success
1130,2024-01-05 11:19:49.820,10.44.84.27,WHFOU00447,欄位設定,16,Pin孔到板邊距離(右)白膠側(上),Update,Success
1131,2024-01-05 11:21:02.117,10.44.84.27,WHFOU00447,欄位設定,18,PIN孔邊與板邊距離右(白膠側) 5.5mm+/-1mm,Update,Success
1132,2024-01-05 11:21:26.250,10.44.84.27,WHFOU00447,欄位設定,17,PIN孔邊與板邊距離左(綠膠側) 5.5mm+/-1mm,Update,Success
1133,2024-01-05 11:22:51.333,10.44.84.27,WHFOU00447,欄位設定,51,打PIN深度 0.6~2.0mm,Update,Success
1134,2024-01-05 11:24:01.513,10.44.84.27,WHFOU00447,欄位設定,18,PIN孔邊與板邊距離右(白膠側) 5.5mm+/-1mm,Update,Success
1135,2024-01-05 11:24:09.260,10.44.84.27,WHFOU00447,欄位設定,17,PIN孔邊與板邊距離左(綠膠側) 5.5mm+/-1mm,Update,Success
1136,2024-01-05 11:24:58.753,10.44.84.27,WHFOU00447,欄位設定,16,Pin孔到板邊距離(右)白膠側(上) 254mm+/-1mm,Update,Success
1137,2024-01-05 11:26:01.117,10.44.84.27,WHFOU00447,欄位設定,15,Pin孔到板邊距離(左)綠膠側(上) 254mm+/-1mm,Update,Success
1138,2024-01-05 11:28:08.360,10.44.84.27,WHFOU00447,欄位設定,29,鍍銅前底銅厚度,Update,Success
1139,2024-01-05 11:28:15.297,10.44.84.27,WHFOU00447,欄位設定,30,電鍍線速,Update,Success
1140,2024-01-05 11:28:31.367,10.44.84.27,WHFOU00447,欄位設定,32,電流密度,Update,Success
1141,2024-01-05 11:28:54.453,10.44.84.27,WHFOU00447,欄位設定,35,平均銅厚,Update,Success
1142,2024-01-05 11:29:28.787,10.44.84.27,WHFOU00447,欄位設定,37,烘烤溫度/時間 (OVEN),Update,Success
1143,2024-01-05 11:30:03.677,10.44.84.27,WHFOU00447,欄位設定,38,板厚,Update,Success
1144,2024-01-05 11:31:06.813,10.44.84.27,WHFOU00447,欄位設定,49,印刷角度,Update,Success
1145,2024-01-05 11:31:12.337,10.44.84.27,WHFOU00447,欄位設定,47,印刷速度,Update,Success
1146,2024-01-05 11:31:58.097,10.44.84.27,WHFOU00447,欄位設定,50,烘烤溫度/時間 (OVEN),Update,Success
1147,2024-01-05 11:34:55.340,10.44.84.27,WHFOU00447,欄位設定,52,銅厚規格,Add,Success
1148,2024-01-05 11:35:11.377,10.44.84.27,WHFOU00447,欄位設定,53,減銅參數,Add,Success
1149,2024-01-05 11:35:14.447,10.44.84.27,WHFOU00447,欄位設定,53,減銅參數,Update,Success
1150,2024-01-05 11:35:28.430,10.44.84.27,WHFOU00447,欄位設定,54,最大銅厚,Add,Success
1151,2024-01-05 11:35:33.130,10.44.84.27,WHFOU00447,欄位設定,54,最大銅厚,Update,Success
1152,2024-01-05 11:35:35.313,10.44.84.27,WHFOU00447,欄位設定,54,,Add,Fail
1153,2024-01-05 11:35:42.113,10.44.84.27,WHFOU00447,欄位設定,54,,Add,Fail
1154,2024-01-05 11:35:49.697,10.44.84.27,WHFOU00447,欄位設定,54,最大銅厚,Update,Success
1155,2024-01-05 11:36:50.987,10.44.84.27,WHFOU00447,欄位設定,2,咬蝕量,Update,Success
1156,2024-01-05 11:37:00.813,10.44.84.27,WHFOU00447,欄位設定,11,板厚,Update,Success
1157,2024-01-05 11:37:08.300,10.44.84.27,WHFOU00447,欄位設定,15,Pin孔到板邊距離(左)綠膠側(上) 254mm+/-1mm,Update,Success
1158,2024-01-05 11:37:21.633,10.44.84.27,WHFOU00447,欄位設定,1,板厚,Update,Success
1159,2024-01-05 11:37:28.030,10.44.84.27,WHFOU00447,欄位設定,27,咬蝕量,Update,Success
1160,2024-01-05 11:37:43.147,10.44.84.27,WHFOU00447,欄位設定,29,鍍銅前底銅厚度,Update,Success
1161,2024-01-05 11:37:47.943,10.44.84.27,WHFOU00447,欄位設定,36,銅厚規格,Update,Success
1162,2024-01-05 11:37:58.077,10.44.84.27,WHFOU00447,欄位設定,37,烘烤溫度/時間 (OVEN),Update,Success
1163,2024-01-05 11:38:13.477,10.44.84.27,WHFOU00447,欄位設定,38,板厚,Update,Success
1164,2024-01-05 11:38:36.727,10.44.84.27,WHFOU00447,欄位設定,43,網板料號,Update,Success
1165,2024-01-05 11:38:43.030,10.44.84.27,WHFOU00447,欄位設定,50,烘烤溫度/時間 (OVEN),Update,Success
1166,2024-01-05 11:38:59.647,10.44.84.27,WHFOU00447,欄位設定,52,銅厚規格,Update,Success
1167,2024-01-05 11:39:21.073,10.44.84.27,WHFOU00447,欄位設定,55,最小銅厚,Add,Success
1168,2024-01-05 11:39:24.997,10.44.84.27,WHFOU00447,欄位設定,55,最小銅厚,Update,Success
1169,2024-01-05 11:39:42.197,10.44.84.27,WHFOU00447,欄位設定,56,平均銅厚,Add,Success
1170,2024-01-05 11:43:25.030,10.44.84.27,WHFOU00447,欄位設定,57,咬蝕量,Add,Success
1171,2024-01-05 11:43:30.747,10.44.84.27,WHFOU00447,欄位設定,58,咬蝕量規格,Add,Success
1172,2024-01-05 11:43:57.390,10.44.84.27,WHFOU00447,欄位設定,59,膜種,Add,Success
1173,2024-01-05 11:44:08.697,10.44.84.27,WHFOU00447,欄位設定,60,上膜編號,Add,Success
1174,2024-01-05 11:44:16.397,10.44.84.27,WHFOU00447,欄位設定,61,下膜編號,Add,Success
1175,2024-01-05 11:45:04.680,10.44.84.27,WHFOU00447,欄位設定,62,壓膜溫度,Add,Success
1176,2024-01-05 11:45:08.300,10.44.84.27,WHFOU00447,欄位設定,62,壓膜溫度,Update,Success
1177,2024-01-05 11:45:10.327,10.44.84.27,WHFOU00447,欄位設定,61,下膜編號,Update,Success
1178,2024-01-05 11:45:12.610,10.44.84.27,WHFOU00447,欄位設定,60,上膜編號,Update,Success
1179,2024-01-05 11:45:15.547,10.44.84.27,WHFOU00447,欄位設定,59,膜種,Update,Success
1180,2024-01-05 11:45:18.727,10.44.84.27,WHFOU00447,欄位設定,58,咬蝕量規格,Update,Success
1181,2024-01-05 11:46:29.917,10.44.84.27,WHFOU00447,欄位設定,63,底片編號 GI2,Add,Success
1182,2024-01-05 11:46:37.197,10.44.84.27,WHFOU00447,欄位設定,63,底片編號 GI2,Update,Success
1183,2024-01-05 11:47:09.663,10.44.84.27,WHFOU00447,欄位設定,64,底片漲縮 GI2,Add,Success
1184,2024-01-05 11:47:45.713,10.44.84.27,WHFOU00447,欄位設定,65,底片編號 GI3,Add,Success
1185,2024-01-05 11:47:51.510,10.44.84.27,WHFOU00447,欄位設定,65,底片編號 GI3,Update,Success
1186,2024-01-05 11:48:16.903,10.44.84.27,WHFOU00447,欄位設定,66,底片漲縮 GI3,Add,Success
1187,2024-01-05 11:48:22.340,10.44.84.27,WHFOU00447,欄位設定,66,底片漲縮 GI3,Update,Success
1188,2024-01-05 11:48:27.627,10.44.84.27,WHFOU00447,欄位設定,66,底片漲縮 GI3,Update,Success
1189,2024-01-05 11:48:54.447,10.44.84.27,WHFOU00447,欄位設定,67,對位精度,Add,Success
1190,2024-01-05 11:49:10.297,10.44.84.27,WHFOU00447,欄位設定,68,曝光能量,Add,Success
1191,2024-01-05 11:51:08.697,10.44.84.27,WHFOU00447,欄位設定,69,底片程式,Add,Success
1192,2024-01-05 11:51:22.817,10.44.84.27,WHFOU00447,欄位設定,70,X漲縮,Add,Success
1193,2024-01-05 11:51:35.947,10.44.84.27,WHFOU00447,欄位設定,71,Y漲縮,Add,Success
1194,2024-01-05 11:51:41.260,10.44.84.27,WHFOU00447,欄位設定,71,Y漲縮,Update,Success
1195,2024-01-05 11:51:59.750,10.44.84.27,WHFOU00447,欄位設定,72,對位精度,Add,Success
1196,2024-01-05 11:52:13.180,10.44.84.27,WHFOU00447,欄位設定,73,曝光能量,Add,Success
1197,2024-01-05 11:52:19.290,10.44.84.27,WHFOU00447,欄位設定,73,曝光能量,Update,Success
1198,2024-01-05 11:52:21.367,10.44.84.27,WHFOU00447,欄位設定,73,,Add,Fail
1199,2024-01-05 11:53:01.697,10.44.84.27,WHFOU00447,欄位設定,74,咬蝕量,Add,Success
1200,2024-01-05 11:53:09.660,10.44.84.27,WHFOU00447,欄位設定,75,咬蝕量規格,Add,Success
1201,2024-01-05 11:53:18.560,10.44.84.27,WHFOU00447,欄位設定,76,前製程銅厚,Add,Success
1202,2024-01-05 11:53:22.553,10.44.84.27,WHFOU00447,欄位設定,76,前製程銅厚,Update,Success
1203,2024-01-05 11:53:26.213,10.44.84.27,WHFOU00447,欄位設定,74,咬蝕量,Update,Success
1204,2024-01-05 11:53:54.717,10.44.84.27,WHFOU00447,欄位設定,77,膜種,Add,Success
1205,2024-01-05 11:53:59.387,10.44.84.27,WHFOU00447,欄位設定,77,膜種,Update,Success
1206,2024-01-05 11:54:13.193,10.44.84.27,WHFOU00447,欄位設定,78,最小線距,Add,Success
1207,2024-01-05 11:54:37.400,10.44.84.27,WHFOU00447,欄位設定,79,蝕刻線速 (m/min),Add,Success
1208,2024-01-05 11:54:48.847,10.44.84.27,WHFOU00447,欄位設定,80,線寬GI2,Add,Success
1209,2024-01-05 11:55:11.383,10.44.84.27,WHFOU00447,欄位設定,81,線寬GI3,Add,Success
1210,2024-01-05 11:55:14.090,10.44.84.27,WHFOU00447,欄位設定,80,線寬GI2,Update,Success
1211,2024-01-05 11:55:20.297,10.44.84.27,WHFOU00447,欄位設定,82,線距GI2,Add,Success
1212,2024-01-05 11:55:23.373,10.44.84.27,WHFOU00447,欄位設定,82,線距GI2,Update,Success
1213,2024-01-05 11:55:31.330,10.44.84.27,WHFOU00447,欄位設定,83,線距GI3,Add,Success
1214,2024-01-05 11:56:21.640,10.44.84.27,WHFOU00447,欄位設定,80,線寬GI2,Update,Success
1215,2024-01-05 11:56:35.793,10.44.84.27,WHFOU00447,欄位設定,81,線寬GI3,Update,Success
1216,2024-01-05 11:56:41.027,10.44.84.27,WHFOU00447,欄位設定,81,線寬GI3,Update,Success
1217,2024-01-05 11:57:07.627,10.44.84.27,WHFOU00447,欄位設定,81,線寬GI3,Update,Success
1218,2024-01-05 11:57:22.310,10.44.84.27,WHFOU00447,欄位設定,84,PAD-TOP GI2,Add,Success
1219,2024-01-05 11:57:31.510,10.44.84.27,WHFOU00447,欄位設定,85,PAD-MID GI2,Add,Success
1220,2024-01-05 11:57:37.377,10.44.84.27,WHFOU00447,欄位設定,86,PAD-BOTTOM GI2,Add,Success
1221,2024-01-05 11:57:45.990,10.44.84.27,WHFOU00447,欄位設定,87,PAD-TOP GI3,Add,Success
1222,2024-01-05 11:57:54.933,10.44.84.27,WHFOU00447,欄位設定,88,PAD-MID GI3,Add,Success
1223,2024-01-05 11:58:02.427,10.44.84.27,WHFOU00447,欄位設定,89,PAD-BOTTOM GI3,Add,Success
1224,2024-01-05 11:58:12.030,10.44.84.27,WHFOU00447,欄位設定,84,PAD-TOP GI2,Update,Success
1225,2024-01-05 11:58:14.510,10.44.84.27,WHFOU00447,欄位設定,85,PAD-MID GI2,Update,Success
1226,2024-01-05 11:58:16.987,10.44.84.27,WHFOU00447,欄位設定,86,PAD-BOTTOM GI2,Update,Success
1227,2024-01-05 11:58:19.467,10.44.84.27,WHFOU00447,欄位設定,87,PAD-TOP GI3,Update,Success
1228,2024-01-05 11:58:22.197,10.44.84.27,WHFOU00447,欄位設定,88,PAD-MID GI3,Update,Success
1229,2024-01-05 11:58:24.627,10.44.84.27,WHFOU00447,欄位設定,89,PAD-BOTTOM GI3,Update,Success
1230,2024-01-05 11:59:02.000,10.44.84.27,WHFOU00447,欄位設定,90,咬蝕量,Add,Success
1231,2024-01-05 11:59:08.543,10.44.84.27,WHFOU00447,欄位設定,91,咬蝕量規格,Add,Success
1232,2024-01-05 11:59:14.780,10.44.84.27,WHFOU00447,欄位設定,92,前製程銅厚,Add,Success
1233,2024-01-05 11:59:49.010,10.44.84.27,WHFOU00447,欄位設定,93,膜種,Add,Success
1234,2024-01-05 11:59:53.297,10.44.84.27,WHFOU00447,欄位設定,92,前製程銅厚,Update,Success
1235,2024-01-05 12:00:14.280,10.44.84.27,WHFOU00447,欄位設定,94,最小線距,Add,Success
1236,2024-01-05 12:00:18.497,10.44.84.27,WHFOU00447,欄位設定,94,最小線距,Update,Success
1237,2024-01-05 13:01:28.350,10.44.84.27,WHFOU00447,欄位設定,95,蝕刻線速 (m/min),Add,Success
1238,2024-01-05 13:01:43.960,10.44.84.27,WHFOU00447,欄位設定,96,線寬GI2,Add,Success
1239,2024-01-05 13:01:51.620,10.44.84.27,WHFOU00447,欄位設定,97,線距GI2,Add,Success
1240,2024-01-05 13:01:59.377,10.44.84.27,WHFOU00447,欄位設定,98,線寬GI3,Add,Success
1241,2024-01-05 13:02:07.487,10.44.84.27,WHFOU00447,欄位設定,96,線寬 GI2,Update,Success
1242,2024-01-05 13:02:11.720,10.44.84.27,WHFOU00447,欄位設定,97,線距 GI2,Update,Success
1243,2024-01-05 13:02:14.957,10.44.84.27,WHFOU00447,欄位設定,98,線寬 GI3,Update,Success
1244,2024-01-05 13:02:28.440,10.44.84.27,WHFOU00447,欄位設定,99,線距 GI3,Add,Success
1245,2024-01-05 13:02:39.377,10.44.84.27,WHFOU00447,欄位設定,100,PAD-TOP GI2,Add,Success
1246,2024-01-05 13:02:42.733,10.44.84.27,WHFOU00447,欄位設定,99,線距 GI3,Update,Success
1247,2024-01-05 13:02:48.170,10.44.84.27,WHFOU00447,欄位設定,98,線寬 GI3,Update,Success
1248,2024-01-05 13:02:51.860,10.44.84.27,WHFOU00447,欄位設定,98,線寬 GI3,Update,Success
1249,2024-01-05 13:03:05.893,10.44.84.27,WHFOU00447,欄位設定,101,PAD-MID GI2,Add,Success
1250,2024-01-05 13:03:12.103,10.44.84.27,WHFOU00447,欄位設定,102,PAD-BOTTOM GI2,Add,Success
1251,2024-01-05 13:03:26.953,10.44.84.27,WHFOU00447,欄位設定,103,PAD-TOP GI3,Add,Success
1252,2024-01-05 13:03:38.717,10.44.84.27,WHFOU00447,欄位設定,104,PAD-MID GI3,Add,Success
1253,2024-01-05 13:03:46.157,10.44.84.27,WHFOU00447,欄位設定,105,PAD-BOTTOM GI3,Add,Success
1254,2024-01-05 13:03:49.277,10.44.84.27,WHFOU00447,欄位設定,104,PAD-MID GI3,Update,Success
1255,2024-01-05 13:03:53.643,10.44.84.27,WHFOU00447,欄位設定,104,PAD-MID GI3,Update,Success
1256,2024-01-05 13:03:56.837,10.44.84.27,WHFOU00447,欄位設定,105,PAD-BOTTOM GI3,Update,Success
1257,2024-01-05 15:05:57.563,10.44.84.27,WHFOU00447,欄位設定,106,上膜編號,Add,Success
1258,2024-01-05 15:06:26.000,10.44.84.27,WHFOU00447,欄位設定,107,膜厚,Add,Success
1259,2024-01-05 15:06:37.227,10.44.84.27,WHFOU00447,欄位設定,108,下膜編號,Add,Success
1260,2024-01-05 15:07:16.550,10.44.84.27,WHFOU00447,欄位設定,109,生產層別,Add,Success
1261,2024-01-05 15:07:25.637,10.44.84.27,WHFOU00447,欄位設定,110,批量,Add,Success
1262,2024-01-05 15:10:08.400,10.44.84.27,WHFOU00447,欄位設定,111,淨時間(分),Add,Success
1263,2024-01-05 15:10:37.390,10.44.84.27,WHFOU00447,欄位設定,112,黏塵紙割換,Add,Success
1264,2024-01-05 15:10:49.200,10.44.84.27,WHFOU00447,欄位設定,112,黏塵紙割換,Update,Success
1265,2024-01-05 15:11:02.710,10.44.84.27,WHFOU00447,欄位設定,113,孔徑R值,Add,Success
1266,2024-01-05 15:11:14.853,10.44.84.27,WHFOU00447,欄位設定,114,殘膠確認,Add,Success
1267,2024-01-05 15:11:46.003,10.44.84.27,WHFOU00447,欄位設定,115,融銅確認,Add,Success
1268,2024-01-05 15:11:50.660,10.44.84.27,WHFOU00447,欄位設定,115,融銅確認,Update,Success
1269,2024-01-05 15:12:06.437,10.44.84.27,WHFOU00447,欄位設定,116,露光確認,Add,Success
1270,2024-01-05 15:12:25.630,10.44.84.27,WHFOU00447,欄位設定,117,孔形確認,Add,Success
1271,2024-01-05 15:12:36.297,10.44.84.27,WHFOU00447,欄位設定,118,確認者,Add,Success
1272,2024-01-05 15:12:53.783,10.44.84.27,WHFOU00447,欄位設定,119,確認完成時間,Add,Success
1273,2024-01-05 15:13:03.477,10.44.84.27,WHFOU00447,欄位設定,120,確認結果,Add,Success
1274,2024-01-05 15:13:10.123,10.44.84.27,WHFOU00447,欄位設定,120,確認結果,Update,Success
1275,2024-01-05 15:13:50.833,10.44.84.27,WHFOU00447,欄位設定,121,撕膜人員,Add,Success
1276,2024-01-05 15:14:10.073,10.44.84.27,WHFOU00447,欄位設定,122,收板人員,Add,Success
1277,2024-01-05 15:19:59.727,10.44.84.27,WHFOU00447,欄位設定,123,烤箱屑,Add,Success
1278,2024-01-05 15:20:09.770,10.44.84.27,WHFOU00447,欄位設定,124,膜屑,Add,Success
1279,2024-01-05 15:20:21.400,10.44.84.27,WHFOU00447,欄位設定,125,板邊屑,Add,Success
1280,2024-01-05 15:20:56.123,10.44.84.27,WHFOU00447,欄位設定,126,毛屑,Add,Success
1281,2024-01-05 15:21:08.787,10.44.84.27,WHFOU00447,欄位設定,127,其他,Add,Success
1282,2024-01-05 15:21:21.217,10.44.84.27,WHFOU00447,欄位設定,128,板面異物,Add,Success
1283,2024-01-05 15:21:48.320,10.44.84.27,WHFOU00447,欄位設定,129,凹陷單元,Add,Success
1284,2024-01-05 15:22:01.133,10.44.84.27,WHFOU00447,欄位設定,130,板面凹陷,Add,Success
1285,2024-01-05 15:22:21.697,10.44.84.27,WHFOU00447,欄位設定,131,貼膜偏移,Add,Success
1286,2024-01-05 15:22:41.797,10.44.84.27,WHFOU00447,欄位設定,132,"板面刮傷 ",Add,Success
1287,2024-01-05 15:22:45.270,10.44.84.27,WHFOU00447,欄位設定,131,貼膜偏移,Update,Success
1288,2024-01-05 15:22:52.003,10.44.84.27,WHFOU00447,欄位設定,133,缺膜,Add,Success
1289,2024-01-05 15:23:03.863,10.44.84.27,WHFOU00447,欄位設定,134,氣泡,Add,Success
1290,2024-01-05 15:23:20.690,10.44.84.27,WHFOU00447,欄位設定,135,ABF膜皺摺,Add,Success
1291,2024-01-05 15:23:31.020,10.44.84.27,WHFOU00447,欄位設定,136,線路浮離,Add,Success
1292,2024-01-05 15:23:43.167,10.44.84.27,WHFOU00447,欄位設定,137,其他主缺,Add,Success
1293,2024-01-05 15:23:54.687,10.44.84.27,WHFOU00447,欄位設定,138,其他次缺,Add,Success
1294,2024-01-05 15:24:06.800,10.44.84.27,WHFOU00447,欄位設定,139,缺點總和,Add,Success
1295,2024-01-05 15:24:17.513,10.44.84.27,WHFOU00447,欄位設定,140,缺點率,Add,Success
1296,2024-01-05 15:26:49.917,10.44.84.27,WHFOU00447,欄位設定,141,判定結果,Add,Success
1297,2024-01-05 15:27:00.123,10.44.84.27,WHFOU00447,欄位設定,142,檢驗者,Add,Success
1298,2024-01-05 15:27:25.403,10.44.84.27,WHFOU00447,欄位設定,143,第一段線速,Add,Success
1299,2024-01-05 15:27:35.463,10.44.84.27,WHFOU00447,欄位設定,144,第二段線速,Add,Success
1300,2024-01-05 15:27:43.967,10.44.84.27,WHFOU00447,欄位設定,145,第三段線速,Add,Success
1301,2024-01-05 15:28:02.517,10.44.84.27,WHFOU00447,欄位設定,146,檢驗片數,Add,Success
1302,2024-01-05 15:28:11.297,10.44.84.27,WHFOU00447,欄位設定,147,檢驗板編,Add,Success
1303,2024-01-05 15:28:49.630,10.44.84.27,WHFOU00447,欄位設定,148,片檢驗顆數,Add,Success
1304,2024-01-05 15:29:03.933,10.44.84.27,WHFOU00447,欄位設定,149,板面破損,Add,Success
1305,2024-01-05 15:29:33.243,10.44.84.27,WHFOU00447,欄位設定,150,氧化異色,Add,Success
1306,2024-01-05 15:29:41.460,10.44.84.27,WHFOU00447,欄位設定,151,板面刮傷,Add,Success
1307,2024-01-05 15:29:50.197,10.44.84.27,WHFOU00447,欄位設定,152,板面異物,Add,Success
1308,2024-01-05 15:29:59.797,10.44.84.27,WHFOU00447,欄位設定,153,手紋印,Add,Success
1309,2024-01-05 15:30:12.277,10.44.84.27,WHFOU00447,欄位設定,154,"異物亮點  ",Add,Success
1310,2024-01-05 15:30:22.777,10.44.84.27,WHFOU00447,欄位設定,155,板面污染,Add,Success
1311,2024-01-05 15:30:43.803,10.44.84.27,WHFOU00447,欄位設定,156,其他主缺,Add,Success
1312,2024-01-05 15:30:58.113,10.44.84.27,WHFOU00447,欄位設定,157,其他次缺,Add,Success
1313,2024-01-05 15:31:03.753,10.44.84.27,WHFOU00447,欄位設定,156,其他主缺,Update,Success
1314,2024-01-05 15:31:13.233,10.44.84.27,WHFOU00447,欄位設定,158,缺點總和,Add,Success
1315,2024-01-05 15:31:22.777,10.44.84.27,WHFOU00447,欄位設定,159,缺點率,Add,Success
1316,2024-01-05 15:31:31.693,10.44.84.27,WHFOU00447,欄位設定,160,判定結果,Add,Success
1317,2024-01-05 15:32:25.777,10.44.84.27,WHFOU00447,欄位設定,161,第一段線速,Add,Success
1318,2024-01-05 15:32:36.827,10.44.84.27,WHFOU00447,欄位設定,162,第二段線速,Add,Success
1319,2024-01-05 15:32:40.063,10.44.84.27,WHFOU00447,欄位設定,161,第一段線速,Update,Success
1320,2024-01-05 15:32:48.830,10.44.84.27,WHFOU00447,欄位設定,163,第三段線速,Add,Success
1321,2024-01-05 15:36:41.683,10.44.84.27,WHFOU00447,欄位設定,164,檢驗片數,Add,Success
1322,2024-01-05 15:36:59.367,10.44.84.27,WHFOU00447,欄位設定,165,檢驗板編,Add,Success
1323,2024-01-05 15:37:09.277,10.44.84.27,WHFOU00447,欄位設定,166,片檢驗顆數,Add,Success
1324,2024-01-05 15:37:25.687,10.44.84.27,WHFOU00447,欄位設定,167,板面破損,Add,Success
1325,2024-01-05 15:37:34.750,10.44.84.27,WHFOU00447,欄位設定,168,氧化異色,Add,Success
1326,2024-01-05 15:37:47.133,10.44.84.27,WHFOU00447,欄位設定,169,板面刮傷,Add,Success
1327,2024-01-05 15:37:57.330,10.44.84.27,WHFOU00447,欄位設定,170,板面異物,Add,Success
1328,2024-01-05 15:38:06.643,10.44.84.27,WHFOU00447,欄位設定,171,手紋印,Add,Success
1329,2024-01-05 15:39:03.183,10.44.84.27,WHFOU00447,欄位設定,172,異物亮點,Add,Success
1330,2024-01-05 15:39:17.800,10.44.84.27,WHFOU00447,欄位設定,173,板面污染,Add,Success
1331,2024-01-05 15:39:30.900,10.44.84.27,WHFOU00447,欄位設定,174,其他主缺,Add,Success
1332,2024-01-05 15:39:49.027,10.44.84.27,WHFOU00447,欄位設定,175,其他次缺,Add,Success
1333,2024-01-05 15:39:57.867,10.44.84.27,WHFOU00447,欄位設定,176,缺點總和,Add,Success
1334,2024-01-05 15:40:07.250,10.44.84.27,WHFOU00447,欄位設定,177,缺點率,Add,Success
1335,2024-01-05 15:40:14.507,10.44.84.27,WHFOU00447,欄位設定,178,判定結果,Add,Success
1336,2024-01-05 15:41:14.533,10.44.84.27,WHFOU00447,欄位設定,179,第一段線速,Add,Success
1337,2024-01-05 15:41:37.833,10.44.84.27,WHFOU00447,欄位設定,180,第二段線速,Add,Success
1338,2024-01-05 15:41:47.160,10.44.84.27,WHFOU00447,欄位設定,181,第三段線速,Add,Success
1339,2024-01-05 15:42:01.343,10.44.84.27,WHFOU00447,欄位設定,182,檢驗片數,Add,Success
1340,2024-01-05 15:42:10.283,10.44.84.27,WHFOU00447,欄位設定,183,檢驗板編,Add,Success
1341,2024-01-05 15:42:32.263,10.44.84.27,WHFOU00447,欄位設定,184,片檢驗顆數,Add,Success
1342,2024-01-05 15:42:53.730,10.44.84.27,WHFOU00447,欄位設定,185,板面破損,Add,Success
1343,2024-01-05 15:43:02.060,10.44.84.27,WHFOU00447,欄位設定,186,氧化異色,Add,Success
1344,2024-01-05 15:43:09.410,10.44.84.27,WHFOU00447,欄位設定,187,"板面刮傷 ",Add,Success
1345,2024-01-05 15:43:19.867,10.44.84.27,WHFOU00447,欄位設定,188,板面異物,Add,Success
1346,2024-01-05 15:43:30.397,10.44.84.27,WHFOU00447,欄位設定,189,手紋印,Add,Success
1347,2024-01-05 15:43:43.830,10.44.84.27,WHFOU00447,欄位設定,190,"異物亮點 ",Add,Success
1348,2024-01-05 15:44:02.317,10.44.84.27,WHFOU00447,欄位設定,191,板面污染,Add,Success
1349,2024-01-05 15:44:16.530,10.44.84.27,WHFOU00447,欄位設定,192,其他主缺,Add,Success
1350,2024-01-05 15:44:26.547,10.44.84.27,WHFOU00447,欄位設定,193,其他次缺,Add,Success
1351,2024-01-05 15:44:37.867,10.44.84.27,WHFOU00447,欄位設定,194,缺點總和,Add,Success
1352,2024-01-05 15:44:46.360,10.44.84.27,WHFOU00447,欄位設定,195,缺點率,Add,Success
1353,2024-01-05 15:44:54.833,10.44.84.27,WHFOU00447,欄位設定,196,判定結果,Add,Success
1354,2024-01-05 15:46:27.397,10.44.84.27,WHFOU00447,欄位設定,197,檢驗片數,Add,Success
1355,2024-01-05 15:46:32.427,10.44.84.27,WHFOU00447,欄位設定,197,檢驗片數,Update,Success
1356,2024-01-05 15:46:41.233,10.44.84.27,WHFOU00447,欄位設定,198,檢驗板編,Add,Success
1357,2024-01-05 15:46:50.397,10.44.84.27,WHFOU00447,欄位設定,199,片檢驗顆數,Add,Success
1358,2024-01-05 15:47:10.100,10.44.84.27,WHFOU00447,欄位設定,200,板面破損,Add,Success
1359,2024-01-05 15:47:19.843,10.44.84.27,WHFOU00447,欄位設定,201,"板面刮傷 ",Add,Success
1360,2024-01-05 15:47:32.303,10.44.84.27,WHFOU00447,欄位設定,202,手紋印,Add,Success
1361,2024-01-05 15:47:58.160,10.44.84.27,WHFOU00447,欄位設定,203,板面污染,Add,Success
1362,2024-01-05 15:48:19.963,10.44.84.27,WHFOU00447,欄位設定,204,其他主缺,Add,Success
1363,2024-01-05 15:48:31.180,10.44.84.27,WHFOU00447,欄位設定,205,其他次缺,Add,Success
1364,2024-01-05 15:48:41.950,10.44.84.27,WHFOU00447,欄位設定,206,缺點總和,Add,Success
1365,2024-01-05 15:48:50.400,10.44.84.27,WHFOU00447,欄位設定,207,缺點率,Add,Success
1366,2024-01-05 15:48:58.950,10.44.84.27,WHFOU00447,欄位設定,208,判定結果,Add,Success
1367,2024-01-05 15:49:25.200,10.44.84.27,WHFOU00447,欄位設定,209,檢驗片數,Add,Success
1368,2024-01-05 15:49:29.030,10.44.84.27,WHFOU00447,欄位設定,209,檢驗片數,Update,Success
1369,2024-01-05 15:49:36.933,10.44.84.27,WHFOU00447,欄位設定,210,檢驗板編,Add,Success
1370,2024-01-05 15:49:44.440,10.44.84.27,WHFOU00447,欄位設定,211,片檢驗顆數,Add,Success
1371,2024-01-05 15:49:59.700,10.44.84.27,WHFOU00447,欄位設定,212,板面破損,Add,Success
1372,2024-01-05 15:50:23.330,10.44.84.27,WHFOU00447,欄位設定,213,板面刮傷,Add,Success
1373,2024-01-05 15:50:48.927,10.44.84.27,WHFOU00447,欄位設定,214,手紋印,Add,Success
1374,2024-01-05 15:51:00.097,10.44.84.27,WHFOU00447,欄位設定,215,板面污染,Add,Success
1375,2024-01-05 15:51:07.767,10.44.84.27,WHFOU00447,欄位設定,216,其他主缺,Add,Success
1376,2024-01-05 15:51:17.077,10.44.84.27,WHFOU00447,欄位設定,217,其他次缺,Add,Success
1377,2024-01-05 15:51:32.783,10.44.84.27,WHFOU00447,欄位設定,218,缺點總和,Add,Success
1378,2024-01-05 15:51:41.197,10.44.84.27,WHFOU00447,欄位設定,219,缺點率,Add,Success
1379,2024-01-05 15:51:54.017,10.44.84.27,WHFOU00447,欄位設定,220,判定結果,Add,Success
1380,2024-01-05 15:53:42.447,10.44.84.27,WHFOU00447,欄位設定,221,ABF膜種,Add,Success
1381,2024-01-05 15:53:46.760,10.44.84.27,WHFOU00447,欄位設定,221,ABF膜種,Update,Success
1382,2024-01-05 15:53:55.327,10.44.84.27,WHFOU00447,欄位設定,222,片數,Add,Success
1383,2024-01-05 15:54:34.573,10.44.84.27,WHFOU00447,欄位設定,223,狀態:進料/首件/製程,Add,Success
1384,2024-01-05 15:54:44.690,10.44.84.27,WHFOU00447,欄位設定,223,狀態: 進料/首件/製程,Update,Success
1385,2024-01-05 15:55:32.500,10.44.84.27,WHFOU00447,站點設定,96,2D CODE#7,Update,Success
1386,2024-01-05 15:55:57.173,10.44.84.27,WHFOU00447,站點設定,95,2D CODE#6,Update,Success
1387,2024-01-05 15:56:20.137,10.44.84.27,WHFOU00447,站點設定,94,2D CODE#5,Update,Success
1388,2024-01-05 15:56:40.097,10.44.84.27,WHFOU00447,站點設定,93,2D CODE#4,Update,Success
1389,2024-01-05 15:59:23.167,10.44.84.27,WHFOU00447,站點設定,92,2D CODE#3,Update,Success
1390,2024-01-05 15:59:45.283,10.44.84.27,WHFOU00447,站點設定,91,2D CODE#2,Update,Success
1391,2024-01-05 16:00:31.947,10.44.84.27,WHFOU00447,欄位設定,224,檢驗板編,Add,Success
1392,2024-01-05 16:00:37.197,10.44.84.27,WHFOU00447,欄位設定,224,檢驗板編,Update,Success
1393,2024-01-05 16:02:52.497,10.44.84.27,WHFOU00447,欄位設定,225,檢驗顆數,Add,Success
1394,2024-01-05 16:03:01.230,10.44.84.27,WHFOU00447,欄位設定,226,層別,Add,Success
1395,2024-01-05 16:03:19.297,10.44.84.27,WHFOU00447,欄位設定,226,片數,Add,Fail
1396,2024-01-05 16:03:23.663,10.44.84.27,WHFOU00447,欄位設定,227,片數,Add,Success
1397,2024-01-05 16:03:36.287,10.44.84.27,WHFOU00447,欄位設定,227,,Add,Fail
1398,2024-01-05 16:03:39.443,10.44.84.27,WHFOU00447,欄位設定,228,ABF Type,Add,Success
1399,2024-01-05 16:03:53.597,10.44.84.27,WHFOU00447,欄位設定,229,板面刮傷,Add,Success
1400,2024-01-05 16:04:07.993,10.44.84.27,WHFOU00447,欄位設定,230,凹陷單元,Add,Success
1401,2024-01-05 16:04:16.967,10.44.84.27,WHFOU00447,欄位設定,231,板面凹陷,Add,Success
1402,2024-01-05 16:04:28.293,10.44.84.27,WHFOU00447,欄位設定,232,缺膜,Add,Success
1403,2024-01-05 16:05:51.090,10.44.84.27,WHFOU00447,欄位設定,233,其他,Add,Success
1404,2024-01-05 16:06:26.777,10.44.84.27,WHFOU00447,欄位設定,234,Rack 屑,Add,Success
1405,2024-01-05 16:06:56.557,10.44.84.27,WHFOU00447,欄位設定,234,板面異物_Rack 屑,Update,Success
1406,2024-01-05 16:07:12.860,10.44.84.27,WHFOU00447,欄位設定,235,板面異物_ABF 膜屑,Add,Success
1407,2024-01-05 16:07:22.777,10.44.84.27,WHFOU00447,欄位設定,236,板面異物_板邊屑,Add,Success
1408,2024-01-05 16:07:50.193,10.44.84.27,WHFOU00447,欄位設定,237,板面異物_膜下異物,Add,Success
1409,2024-01-05 16:08:16.340,10.44.84.27,WHFOU00447,欄位設定,238,板面異物_毛屑,Add,Success
1410,2024-01-05 16:08:29.880,10.44.84.27,WHFOU00447,欄位設定,236,板面異物_板邊屑,Update,Success
1411,2024-01-05 16:08:48.947,10.44.84.27,WHFOU00447,欄位設定,239,異物總數,Add,Success
1412,2024-01-05 16:08:53.817,10.44.84.27,WHFOU00447,欄位設定,239,異物總數,Update,Success
1413,2024-01-05 16:09:11.123,10.44.84.27,WHFOU00447,欄位設定,240,異常板號,Add,Success
1414,2024-01-05 16:09:32.777,10.44.84.27,WHFOU00447,欄位設定,241,FM>2批退ABF板編紀錄於R/C,Add,Success
1415,2024-01-05 16:09:55.730,10.44.84.27,WHFOU00447,欄位設定,241,FM>2 批退 ABF 板編紀錄於 R/C,Update,Success
1416,2024-01-05 16:10:13.227,10.44.84.27,WHFOU00447,欄位設定,242,缺點總和,Add,Success
1417,2024-01-05 16:10:21.183,10.44.84.27,WHFOU00447,欄位設定,243,缺點率,Add,Success
1418,2024-01-05 16:10:36.230,10.44.84.27,WHFOU00447,欄位設定,244,判定結果,Add,Success
1419,2024-01-05 16:10:48.207,10.44.84.27,WHFOU00447,欄位設定,245,檢驗者,Add,Success
1420,2024-01-05 16:10:57.443,10.44.84.27,WHFOU00447,欄位設定,246,確認者,Add,Success
1421,2024-01-05 16:11:07.713,10.44.84.27,WHFOU00447,欄位設定,247,出料時間,Add,Success
1422,2024-01-05 16:11:57.840,10.44.84.27,WHFOU00447,欄位設定,248,氣泡,Add,Success
1423,2024-01-05 16:12:06.113,10.44.84.27,WHFOU00447,欄位設定,249,Rack 屑,Add,Success
1424,2024-01-05 16:12:11.023,10.44.84.27,WHFOU00447,欄位設定,248,氣泡,Update,Success
1425,2024-01-05 16:12:29.277,10.44.84.27,WHFOU00447,欄位設定,250,ABF 膜屑,Add,Success
1426,2024-01-05 16:12:50.937,10.44.84.27,WHFOU00447,欄位設定,251,板邊屑,Add,Success
1427,2024-01-05 16:13:25.327,10.44.84.27,WHFOU00447,欄位設定,252,膜下異物,Add,Success
1428,2024-01-05 16:13:39.040,10.44.84.27,WHFOU00447,欄位設定,253,毛屑,Add,Success
1429,2024-01-05 16:13:59.517,10.44.84.27,WHFOU00447,欄位設定,253,異物總數,Add,Fail
1430,2024-01-05 16:14:05.257,10.44.84.27,WHFOU00447,欄位設定,254,異物總數,Add,Success
1431,2024-01-05 16:14:13.523,10.44.84.27,WHFOU00447,欄位設定,251,板邊屑,Update,Success
1432,2024-01-05 16:14:28.297,10.44.84.27,WHFOU00447,欄位設定,255,異常板號,Add,Success
1433,2024-01-05 16:14:46.907,10.44.84.27,WHFOU00447,欄位設定,256,缺點總和,Add,Success
1434,2024-01-05 16:14:55.323,10.44.84.27,WHFOU00447,欄位設定,257,缺點率,Add,Success
1435,2024-01-05 16:15:15.747,10.44.84.27,WHFOU00447,欄位設定,258,判定結果,Add,Success
1436,2024-01-05 16:15:58.410,10.44.84.27,WHFOU00447,欄位設定,259,檢驗者,Add,Success
1437,2024-01-05 16:16:10.223,10.44.84.27,WHFOU00447,欄位設定,260,確認者,Add,Success
1438,2024-01-05 16:16:23.247,10.44.84.27,WHFOU00447,欄位設定,261,出料時間,Add,Success
1439,2024-01-05 16:18:40.397,10.44.84.27,WHFOU00447,欄位設定,262,板面刮傷,Add,Success
1440,2024-01-05 16:18:52.347,10.44.84.27,WHFOU00447,欄位設定,263,ABF破洞,Add,Success
1441,2024-01-05 16:19:04.857,10.44.84.27,WHFOU00447,欄位設定,264,銅顆粒,Add,Success
1442,2024-01-05 16:19:16.027,10.44.84.27,WHFOU00447,欄位設定,265,"板面污染 ",Add,Success
1443,2024-01-05 16:19:46.190,10.44.84.27,WHFOU00447,欄位設定,266,氧化異色,Add,Success
1444,2024-01-05 16:19:55.697,10.44.84.27,WHFOU00447,欄位設定,267,"孔底變色 ",Add,Success
1445,2024-01-05 16:20:24.643,10.44.84.27,WHFOU00447,欄位設定,268,黑孔,Add,Success
1446,2024-01-05 16:20:34.593,10.44.84.27,WHFOU00447,欄位設定,269,板面破損,Add,Success
1447,2024-01-05 16:20:43.510,10.44.84.27,WHFOU00447,欄位設定,270,環形靶異常,Add,Success
1448,2024-01-05 16:21:11.270,10.44.84.27,WHFOU00447,欄位設定,271,Bump/光學點/SMT 異常,Add,Success
1449,2024-01-05 16:21:24.570,10.44.84.27,WHFOU00447,欄位設定,272,孔底,Add,Success
1450,2024-01-05 16:21:32.540,10.44.84.27,WHFOU00447,欄位設定,273,板面異色,Add,Success
1451,2024-01-05 16:21:41.387,10.44.84.27,WHFOU00447,欄位設定,274,板面凹陷,Add,Success
1452,2024-01-05 16:21:52.470,10.44.84.27,WHFOU00447,欄位設定,275,板面異物,Add,Success
1453,2024-01-05 16:25:26.553,10.44.84.27,WHFOU00447,欄位設定,276,上鍍不良,Add,Success
1454,2024-01-05 16:25:40.753,10.44.84.27,WHFOU00447,欄位設定,277,缺點總和,Add,Success
1455,2024-01-05 16:25:49.873,10.44.84.27,WHFOU00447,欄位設定,278,缺點率,Add,Success
1456,2024-01-05 16:27:06.173,10.44.84.27,WHFOU00447,欄位設定,279,判定結果,Add,Success
1457,2024-01-05 16:27:22.923,10.44.84.27,WHFOU00447,欄位設定,280,檢驗者,Add,Success
1458,2024-01-05 16:27:33.787,10.44.84.27,WHFOU00447,欄位設定,281,確認者,Add,Success
1459,2024-01-05 16:28:16.457,10.44.84.27,WHFOU00447,欄位設定,282,Ra_規格,Add,Success
1460,2024-01-05 16:28:22.677,10.44.84.27,WHFOU00447,欄位設定,283,Ra_Point 1,Add,Success
1461,2024-01-05 16:28:27.563,10.44.84.27,WHFOU00447,欄位設定,284,Ra_Point 2,Add,Success
1462,2024-01-05 16:28:35.490,10.44.84.27,WHFOU00447,欄位設定,285,Ra_Point 3,Add,Success
1463,2024-01-05 16:28:39.737,10.44.84.27,WHFOU00447,欄位設定,286,Ra_Point 4,Add,Success
1464,2024-01-05 16:30:59.247,10.44.84.27,WHFOU00447,欄位設定,287,Ra_Point 5,Add,Success
1465,2024-01-05 16:31:05.597,10.44.84.27,WHFOU00447,欄位設定,288,Ra_Point 6,Add,Success
1466,2024-01-05 16:31:11.153,10.44.84.27,WHFOU00447,欄位設定,289,Ra_Point 7,Add,Success
1467,2024-01-05 16:31:20.697,10.44.84.27,WHFOU00447,欄位設定,290,Ra_Point 8,Add,Success
1468,2024-01-05 16:31:28.217,10.44.84.27,WHFOU00447,欄位設定,291,Ra_Point 9,Add,Success
1469,2024-01-05 16:31:37.793,10.44.84.27,WHFOU00447,欄位設定,292,Ra_Avg,Add,Success
1470,2024-01-05 16:31:43.130,10.44.84.27,WHFOU00447,欄位設定,293,Ra_Max,Add,Success
1471,2024-01-05 16:31:48.160,10.44.84.27,WHFOU00447,欄位設定,294,Ra_Min,Add,Success
1472,2024-01-05 16:31:58.453,10.44.84.27,WHFOU00447,欄位設定,295,判定結果,Add,Success
1473,2024-01-05 16:32:39.617,10.44.84.27,WHFOU00447,欄位設定,296,拉力_規格,Add,Success
1474,2024-01-05 16:32:47.920,10.44.84.27,WHFOU00447,欄位設定,297,拉力_Point 1,Add,Success
1475,2024-01-05 16:32:54.073,10.44.84.27,WHFOU00447,欄位設定,298,拉力_Point 2,Add,Success
1476,2024-01-05 16:32:59.960,10.44.84.27,WHFOU00447,欄位設定,299,拉力_Avg,Add,Success
1477,2024-01-05 16:33:18.717,10.44.84.27,WHFOU00447,欄位設定,300,QVP test Pass or NG,Add,Success
1478,2024-01-05 16:33:34.040,10.44.84.27,WHFOU00447,欄位設定,301,確認者,Add,Success
1479,2024-01-05 16:33:44.043,10.44.84.27,WHFOU00447,欄位設定,300,QVP Test Pass or NG,Update,Success
1480,2024-01-05 16:35:09.547,10.44.84.27,WHFOU00447,欄位設定,302,膜種,Add,Success
1481,2024-01-05 16:35:12.607,10.44.84.27,WHFOU00447,欄位設定,302,膜種,Update,Success
1482,2024-01-05 16:35:27.880,10.44.84.27,WHFOU00447,欄位設定,303,鍍銅 12/14,Add,Success
1483,2024-01-05 16:35:39.317,10.44.84.27,WHFOU00447,欄位設定,304,溫度,Add,Success
1484,2024-01-05 16:36:12.387,10.44.84.27,WHFOU00447,欄位設定,305,飛靶,Add,Success
1485,2024-01-05 16:36:21.353,10.44.84.27,WHFOU00447,欄位設定,306,掛籃編號,Add,Success
1486,2024-01-05 16:36:30.147,10.44.84.27,WHFOU00447,欄位設定,307,膜種,Add,Success
1487,2024-01-05 16:36:38.353,10.44.84.27,WHFOU00447,欄位設定,308,鍍銅 12/14,Add,Success
1488,2024-01-05 16:36:48.000,10.44.84.27,WHFOU00447,欄位設定,309,水車編號,Add,Success
1489,2024-01-05 16:37:00.177,10.44.84.27,WHFOU00447,欄位設定,310,10*10,Add,Success
1490,2024-01-05 16:37:43.383,10.44.84.27,WHFOU00447,站點設定,44,GREEN LASER,Update,Success
1491,2024-01-05 16:40:08.307,10.44.84.27,WHFOU00447,欄位設定,311,程式編號,Add,Success
1492,2024-01-05 16:40:15.430,10.44.84.27,WHFOU00447,欄位設定,312,基板編號,Add,Success
1493,2024-01-05 16:40:24.213,10.44.84.27,WHFOU00447,欄位設定,312,基板編號,Update,Success
1494,2024-01-05 16:40:32.887,10.44.84.27,WHFOU00447,欄位設定,313,生產程式,Add,Success
1495,2024-01-05 16:40:59.830,10.44.84.27,WHFOU00447,欄位設定,314,生產線速,Add,Success
1496,2024-01-05 16:41:18.293,10.44.84.27,WHFOU00447,欄位設定,315,正面面積,Add,Success
1497,2024-01-05 16:41:45.643,10.44.84.27,WHFOU00447,欄位設定,316,背面面積,Add,Success
1498,2024-01-05 16:41:58.723,10.44.84.27,WHFOU00447,欄位設定,317,正面電流密度,Add,Success
1499,2024-01-05 16:42:06.957,10.44.84.27,WHFOU00447,欄位設定,318,背面電流密度,Add,Success
1500,2024-01-05 16:42:13.897,10.44.84.27,WHFOU00447,欄位設定,319,掛架號碼,Add,Success
1501,2024-01-05 16:43:35.313,10.44.84.27,WHFOU00447,欄位設定,320,生產片數,Add,Success
1502,2024-01-05 16:44:15.297,10.44.84.27,WHFOU00447,欄位設定,321,狀態 一靜/二靜/三靜/量產,Add,Success
1503,2024-01-05 16:45:37.053,10.44.84.27,WHFOU00447,欄位設定,322,程式編號,Add,Success
1504,2024-01-05 16:45:57.293,10.44.84.27,WHFOU00447,欄位設定,323,基板編號,Add,Success
1505,2024-01-05 16:46:06.897,10.44.84.27,WHFOU00447,欄位設定,324,生產程式,Add,Success
1506,2024-01-05 16:46:18.790,10.44.84.27,WHFOU00447,欄位設定,325,生產線速,Add,Success
1507,2024-01-05 16:46:27.800,10.44.84.27,WHFOU00447,欄位設定,326,正面面積,Add,Success
1508,2024-01-05 16:46:37.230,10.44.84.27,WHFOU00447,欄位設定,327,背面面積,Add,Success
1509,2024-01-05 16:46:51.943,10.44.84.27,WHFOU00447,欄位設定,328,正面電流密度,Add,Success
1510,2024-01-05 16:46:59.677,10.44.84.27,WHFOU00447,欄位設定,329,背面電流密度,Add,Success
1511,2024-01-05 16:47:05.573,10.44.84.27,WHFOU00447,欄位設定,322,程式編號,Update,Success
1512,2024-01-05 16:48:19.723,10.44.84.27,WHFOU00447,欄位設定,330,掛架號碼,Add,Success
1513,2024-01-05 16:48:28.700,10.44.84.27,WHFOU00447,欄位設定,331,生產片數,Add,Success
1514,2024-01-05 16:49:06.547,10.44.84.27,WHFOU00447,欄位設定,332,狀態 一靜/二靜/三靜/量產,Add,Success
1515,2024-01-05 16:50:09.957,10.44.84.27,WHFOU00447,欄位設定,333,程式編號,Add,Success
1516,2024-01-05 16:50:29.973,10.44.84.27,WHFOU00447,欄位設定,334,基板編號,Add,Success
1517,2024-01-05 16:51:08.970,10.44.84.27,WHFOU00447,欄位設定,335,生產程式,Add,Success
1518,2024-01-05 16:51:22.027,10.44.84.27,WHFOU00447,欄位設定,336,生產線速,Add,Success
1519,2024-01-05 16:51:30.320,10.44.84.27,WHFOU00447,欄位設定,337,正面面積,Add,Success
1520,2024-01-05 16:51:46.177,10.44.84.27,WHFOU00447,欄位設定,338,背面面積,Add,Success
1521,2024-01-05 16:51:53.520,10.44.84.27,WHFOU00447,欄位設定,339,正面電流密度,Add,Success
1522,2024-01-05 16:52:02.267,10.44.84.27,WHFOU00447,欄位設定,340,背面電流密度,Add,Success
1523,2024-01-05 16:52:19.137,10.44.84.27,WHFOU00447,欄位設定,341,掛架號碼,Add,Success
1524,2024-01-05 16:52:33.277,10.44.84.27,WHFOU00447,欄位設定,342,生產片數,Add,Success
1525,2024-01-05 16:53:07.367,10.44.84.27,WHFOU00447,欄位設定,343,狀態 一靜/二靜/三靜/量產,Add,Success
1526,2024-01-05 16:55:23.890,10.44.84.27,WHFOU00447,欄位設定,344,程式編號,Add,Success
1527,2024-01-05 16:55:33.773,10.44.84.27,WHFOU00447,欄位設定,345,基板編號,Add,Success
1528,2024-01-05 16:55:42.807,10.44.84.27,WHFOU00447,欄位設定,346,銅槽編號,Add,Success
1529,2024-01-05 16:55:59.393,10.44.84.27,WHFOU00447,欄位設定,344,程式編號,Update,Success
1530,2024-01-05 16:56:10.733,10.44.84.27,WHFOU00447,欄位設定,347,飛靶編號,Add,Success
1531,2024-01-05 16:56:20.743,10.44.84.27,WHFOU00447,欄位設定,348,生產程式,Add,Success
1532,2024-01-05 16:56:35.457,10.44.84.27,WHFOU00447,欄位設定,349,電鍍時間,Add,Success
1533,2024-01-05 16:56:43.137,10.44.84.27,WHFOU00447,欄位設定,350,正面面積,Add,Success
1534,2024-01-05 16:57:01.177,10.44.84.27,WHFOU00447,欄位設定,351,背面面積,Add,Success
1535,2024-01-05 16:57:23.927,10.44.84.27,WHFOU00447,欄位設定,352,正面電流密度,Add,Success
1536,2024-01-05 16:57:31.273,10.44.84.27,WHFOU00447,欄位設定,353,背面電流密度,Add,Success
1537,2024-01-05 16:59:23.620,10.44.84.27,WHFOU00447,欄位設定,354,狀態 首件/量產,Add,Success
1538,2024-01-05 16:59:31.157,10.44.84.27,WHFOU00447,欄位設定,355,生產片數,Add,Success
1539,2024-01-05 16:59:39.003,10.44.84.27,WHFOU00447,欄位設定,356,"檢驗片號 ",Add,Success
1540,2024-01-05 16:59:50.973,10.44.84.27,WHFOU00447,欄位設定,357,檢驗顆數,Add,Success
1541,2024-01-05 17:00:02.903,10.44.84.27,WHFOU00447,欄位設定,358,剝膜不淨(正面),Add,Success
1542,2024-01-05 17:00:11.457,10.44.84.27,WHFOU00447,欄位設定,359,剝膜不淨(背面),Add,Success
1543,2024-01-05 17:00:25.923,10.44.84.27,WHFOU00447,欄位設定,360,剝膜不淨小黑點(正面),Add,Success
1544,2024-01-05 17:01:07.453,10.44.84.27,WHFOU00447,欄位設定,361,剝膜不淨小黑點(背面),Add,Success
1545,2024-01-05 17:01:19.490,10.44.84.27,WHFOU00447,欄位設定,362,板面刮傷(正面),Add,Success
1546,2024-01-05 17:01:31.907,10.44.84.27,WHFOU00447,欄位設定,363,板面刮傷(背面),Add,Success
1547,2024-01-05 17:01:39.303,10.44.84.27,WHFOU00447,欄位設定,364,水痕(正面),Add,Success
1548,2024-01-05 17:01:47.323,10.44.84.27,WHFOU00447,欄位設定,365,水痕(背面),Add,Success
1549,2024-01-05 17:01:55.817,10.44.84.27,WHFOU00447,欄位設定,366,氧化異色(正面),Add,Success
1550,2024-01-05 17:02:05.950,10.44.84.27,WHFOU00447,欄位設定,367,氧化異色(背面),Add,Success
1551,2024-01-05 17:02:23.420,10.44.84.27,WHFOU00447,欄位設定,368,缺點總和,Add,Success
1552,2024-01-05 17:02:31.453,10.44.84.27,WHFOU00447,欄位設定,369,缺點率,Add,Success
1553,2024-01-05 17:02:38.533,10.44.84.27,WHFOU00447,欄位設定,370,判定結果,Add,Success
1554,2024-01-05 17:03:12.890,10.44.84.27,WHFOU00447,欄位設定,371,確認者,Add,Success
1555,2024-01-05 17:04:23.557,10.44.84.27,WHFOU00447,欄位設定,371,確認者,Update,Success
1556,2024-01-05 17:05:27.637,10.44.84.27,WHFOU00447,欄位設定,372,烤箱機台,Add,Success
1557,2024-01-05 17:05:39.850,10.44.84.27,WHFOU00447,欄位設定,373,"烘烤開始時間 ",Add,Success
1558,2024-01-05 17:05:52.417,10.44.84.27,WHFOU00447,欄位設定,374,"烘烤完成時間 ",Add,Success
1559,2024-01-05 17:06:20.417,10.44.84.27,WHFOU00447,欄位設定,375,狀態 首件/量產,Add,Success
1560,2024-01-05 17:06:28.100,10.44.84.27,WHFOU00447,欄位設定,375,狀態 首件/量產,Update,Success
1561,2024-01-05 17:06:36.743,10.44.84.27,WHFOU00447,欄位設定,376,生產片數,Add,Success
1562,2024-01-05 17:06:39.940,10.44.84.27,WHFOU00447,欄位設定,375,狀態 首件/量產,Update,Success
1563,2024-01-05 17:06:51.303,10.44.84.27,WHFOU00447,欄位設定,377,檢驗片號,Add,Success
1564,2024-01-05 17:06:57.917,10.44.84.27,WHFOU00447,欄位設定,378,檢驗顆數,Add,Success
1565,2024-01-05 17:07:20.450,10.44.84.27,WHFOU00447,欄位設定,379,剝膜不淨(正面),Add,Success
1566,2024-01-05 17:07:30.940,10.44.84.27,WHFOU00447,欄位設定,380,剝膜不淨(背面),Add,Success
1567,2024-01-05 17:07:45.753,10.44.84.27,WHFOU00447,欄位設定,381,剝膜不淨小黑點(正面),Add,Success
1568,2024-01-05 17:07:57.807,10.44.84.27,WHFOU00447,欄位設定,382,剝膜不淨小黑點(背面),Add,Success
1569,2024-01-05 17:08:06.340,10.44.84.27,WHFOU00447,欄位設定,383,板面刮傷(正面),Add,Success
1570,2024-01-05 17:08:21.457,10.44.84.27,WHFOU00447,欄位設定,384,板面刮傷(背面),Add,Success
1571,2024-01-05 17:08:31.073,10.44.84.27,WHFOU00447,欄位設定,385,水痕(正面),Add,Success
1572,2024-01-05 17:08:38.207,10.44.84.27,WHFOU00447,欄位設定,386,水痕(背面),Add,Success
1573,2024-01-05 17:09:20.367,10.44.84.27,WHFOU00447,欄位設定,387,氧化異色(正面),Add,Success
1574,2024-01-05 17:09:34.453,10.44.84.27,WHFOU00447,欄位設定,388,氧化異色(背面),Add,Success
1575,2024-01-05 17:09:42.503,10.44.84.27,WHFOU00447,欄位設定,389,缺點總和,Add,Success
1576,2024-01-05 17:09:49.593,10.44.84.27,WHFOU00447,欄位設定,390,缺點率,Add,Success
1577,2024-01-05 17:10:00.273,10.44.84.27,WHFOU00447,欄位設定,391,判定結果,Add,Success
1578,2024-01-05 17:10:14.367,10.44.84.27,WHFOU00447,欄位設定,392,確認者,Add,Success
1579,2024-01-05 17:10:46.553,10.44.84.27,WHFOU00447,欄位設定,393,烤箱機台,Add,Success
1580,2024-01-05 17:10:54.387,10.44.84.27,WHFOU00447,欄位設定,394,"烘烤開始時間 ",Add,Success
1581,2024-01-05 17:11:02.423,10.44.84.27,WHFOU00447,欄位設定,395,烘烤完成時間,Add,Success
1582,2024-01-05 17:11:25.100,10.44.84.27,WHFOU00447,欄位設定,396,狀態 首件/量產,Add,Success
1583,2024-01-05 17:11:32.857,10.44.84.27,WHFOU00447,欄位設定,397,生產片數,Add,Success
1584,2024-01-05 17:11:36.587,10.44.84.27,WHFOU00447,欄位設定,396,狀態 首件/量產,Update,Success
1585,2024-01-05 17:11:43.287,10.44.84.27,WHFOU00447,欄位設定,397,生產片數,Update,Success
1586,2024-01-05 17:11:57.970,10.44.84.27,WHFOU00447,欄位設定,398,檢驗片號,Add,Success
1587,2024-01-05 17:12:07.150,10.44.84.27,WHFOU00447,欄位設定,399,檢驗顆數,Add,Success
1588,2024-01-05 17:12:23.717,10.44.84.27,WHFOU00447,欄位設定,400,蝕銅不潔(正面),Add,Success
1589,2024-01-05 17:12:32.847,10.44.84.27,WHFOU00447,欄位設定,401,蝕銅不潔(背面),Add,Success
1590,2024-01-05 17:12:40.503,10.44.84.27,WHFOU00447,欄位設定,402,針孔(正面),Add,Success
1591,2024-01-05 17:12:49.187,10.44.84.27,WHFOU00447,欄位設定,403,針孔(背面),Add,Success
1592,2024-01-05 17:13:01.057,10.44.84.27,WHFOU00447,欄位設定,404,板面污染(正面),Add,Success
1593,2024-01-05 17:13:08.957,10.44.84.27,WHFOU00447,欄位設定,405,板面污染(背面),Add,Success
1594,2024-01-05 17:13:16.790,10.44.84.27,WHFOU00447,欄位設定,406,板面刮傷(正面),Add,Success
1595,2024-01-05 17:13:31.770,10.44.84.27,WHFOU00447,欄位設定,407,板面刮傷(背面),Add,Success
1596,2024-01-05 17:13:45.373,10.44.84.27,WHFOU00447,欄位設定,408,水痕(正面),Add,Success
1597,2024-01-05 17:13:53.650,10.44.84.27,WHFOU00447,欄位設定,409,水痕(背面),Add,Success
1598,2024-01-05 17:14:04.023,10.44.84.27,WHFOU00447,欄位設定,410,氧化異色(正面),Add,Success
1599,2024-01-05 17:14:20.813,10.44.84.27,WHFOU00447,欄位設定,411,ABF取代SM咬蝕不完全殘銅(正面),Add,Success
1600,2024-01-05 17:14:30.110,10.44.84.27,WHFOU00447,欄位設定,412,缺點總和,Add,Success
1601,2024-01-05 17:14:45.053,10.44.84.27,WHFOU00447,欄位設定,413,缺點率,Add,Success
1602,2024-01-05 17:14:52.503,10.44.84.27,WHFOU00447,欄位設定,414,判定結果,Add,Success
1603,2024-01-05 17:15:01.623,10.44.84.27,WHFOU00447,欄位設定,415,確認者,Add,Success
1604,2024-01-05 17:15:28.557,10.44.84.27,WHFOU00447,欄位設定,416,狀態 首件/量產,Add,Success
1605,2024-01-05 17:15:39.237,10.44.84.27,WHFOU00447,欄位設定,417,生產片數,Add,Success
1606,2024-01-05 17:15:48.603,10.44.84.27,WHFOU00447,欄位設定,418,檢驗片號,Add,Success
1607,2024-01-05 17:16:02.373,10.44.84.27,WHFOU00447,欄位設定,419,檢驗顆數,Add,Success
1608,2024-01-05 17:16:05.083,10.44.84.27,WHFOU00447,欄位設定,418,檢驗片號,Update,Success
1609,2024-01-05 17:16:09.237,10.44.84.27,WHFOU00447,欄位設定,417,生產片數,Update,Success
1610,2024-01-05 17:16:20.717,10.44.84.27,WHFOU00447,欄位設定,420,剝膜不淨(正面),Add,Success
1611,2024-01-05 17:16:24.757,10.44.84.27,WHFOU00447,欄位設定,420,剝膜不淨(正面),Update,Success
1612,2024-01-05 17:16:33.807,10.44.84.27,WHFOU00447,欄位設定,421,剝膜不淨(背面),Add,Success
1613,2024-01-05 17:16:46.267,10.44.84.27,WHFOU00447,欄位設定,422,剝膜不淨小黑點(正面),Add,Success
1614,2024-01-05 17:17:05.100,10.44.84.27,WHFOU00447,欄位設定,423,剝膜不淨小黑點(背面),Add,Success
1615,2024-01-05 17:17:12.893,10.44.84.27,WHFOU00447,欄位設定,424,板面刮傷(正面),Add,Success
1616,2024-01-05 17:17:20.987,10.44.84.27,WHFOU00447,欄位設定,425,板面刮傷(背面),Add,Success
1617,2024-01-05 17:17:29.673,10.44.84.27,WHFOU00447,欄位設定,426,水痕(正面),Add,Success
1618,2024-01-05 17:17:43.920,10.44.84.27,WHFOU00447,欄位設定,427,水痕(背面),Add,Success
1619,2024-01-05 17:17:53.750,10.44.84.27,WHFOU00447,欄位設定,428,氧化異色(正面),Add,Success
1620,2024-01-05 17:18:08.753,10.44.84.27,WHFOU00447,欄位設定,429,氧化異色(背面),Add,Success
1621,2024-01-05 17:18:17.073,10.44.84.27,WHFOU00447,欄位設定,430,缺點總和,Add,Success
1622,2024-01-05 17:18:24.943,10.44.84.27,WHFOU00447,欄位設定,431,缺點率,Add,Success
1623,2024-01-05 17:18:38.567,10.44.84.27,WHFOU00447,欄位設定,432,判定結果,Add,Success
1624,2024-01-05 17:18:47.420,10.44.84.27,WHFOU00447,欄位設定,433,確認者,Add,Success
1625,2024-01-05 18:34:12.033,10.44.84.27,WHFOU00447,欄位設定,434,報廢,Add,Success
1626,2024-01-05 18:34:19.210,10.44.84.27,WHFOU00447,欄位設定,434,報廢,Update,Success
1627,2024-01-05 18:34:44.793,10.44.84.27,WHFOU00447,欄位設定,435,檢驗數 (pcs),Add,Success
1628,2024-01-05 18:35:33.857,10.44.84.27,WHFOU00447,欄位設定,436,狀態 (進料/首件/製程中/出料),Add,Success
1629,2024-01-05 18:35:51.427,10.44.84.27,WHFOU00447,欄位設定,437,抽驗板編,Add,Success
1630,2024-01-05 18:36:18.320,10.44.84.27,WHFOU00447,欄位設定,438,板面異色,Add,Success
1631,2024-01-05 18:36:26.720,10.44.84.27,WHFOU00447,欄位設定,439,其他,Add,Success
1632,2024-01-05 18:37:03.527,10.44.84.27,WHFOU00447,欄位設定,440,缺點數總和,Add,Success
1633,2024-01-05 18:37:13.627,10.44.84.27,WHFOU00447,欄位設定,441,缺點率,Add,Success
1634,2024-01-05 18:37:26.403,10.44.84.27,WHFOU00447,欄位設定,442,判定結果,Add,Success
1635,2024-01-05 18:37:38.867,10.44.84.27,WHFOU00447,欄位設定,443,檢驗者,Add,Success
1636,2024-01-05 18:38:03.683,10.44.84.27,WHFOU00447,欄位設定,436,狀態 進料/首件/製程中/出料,Update,Success
1637,2024-01-05 18:38:27.897,10.44.84.27,WHFOU00447,欄位設定,444,報廢,Add,Success
1638,2024-01-05 18:38:33.590,10.44.84.27,WHFOU00447,欄位設定,445,檢驗數 (pcs),Add,Success
1639,2024-01-05 18:38:38.363,10.44.84.27,WHFOU00447,欄位設定,445,檢驗數 (pcs),Update,Success
1640,2024-01-05 18:39:02.073,10.44.84.27,WHFOU00447,欄位設定,446,狀態 進料/首件/製程中/出料,Add,Success
1641,2024-01-05 18:39:14.030,10.44.84.27,WHFOU00447,欄位設定,447,抽驗板編,Add,Success
1642,2024-01-05 18:42:16.547,10.44.84.27,WHFOU00447,欄位設定,448,板面異色,Add,Success
1643,2024-01-05 18:42:24.797,10.44.84.27,WHFOU00447,欄位設定,449,其他,Add,Success
1644,2024-01-05 18:42:30.977,10.44.84.27,WHFOU00447,欄位設定,450,缺點數總和,Add,Success
1645,2024-01-05 18:42:40.077,10.44.84.27,WHFOU00447,欄位設定,451,缺點率,Add,Success
1646,2024-01-05 18:42:50.623,10.44.84.27,WHFOU00447,欄位設定,452,判定結果,Add,Success
1647,2024-01-05 18:42:59.877,10.44.84.27,WHFOU00447,欄位設定,453,檢驗者,Add,Success
1648,2024-01-05 18:43:22.853,10.44.84.27,WHFOU00447,欄位設定,454,首片片號,Add,Success
1649,2024-01-05 18:43:30.863,10.44.84.27,WHFOU00447,欄位設定,455,檢驗者,Add,Success
1650,2024-01-05 18:43:39.973,10.44.84.27,WHFOU00447,欄位設定,456,報廢,Add,Success
1651,2024-01-05 18:44:10.210,10.44.84.27,WHFOU00447,欄位設定,457,產出,Add,Success
1652,2024-01-05 18:44:53.247,10.44.84.27,WHFOU00447,欄位設定,458,預熱機溫度,Add,Success
1653,2024-01-05 18:46:34.080,10.44.84.27,WHFOU00447,欄位設定,459,首片片號,Add,Success
1654,2024-01-05 18:46:42.393,10.44.84.27,WHFOU00447,欄位設定,460,檢驗者,Add,Success
1655,2024-01-05 18:46:51.073,10.44.84.27,WHFOU00447,欄位設定,461,報廢,Add,Success
1656,2024-01-05 18:46:59.990,10.44.84.27,WHFOU00447,欄位設定,462,產出,Add,Success
1657,2024-01-05 18:47:11.060,10.44.84.27,WHFOU00447,欄位設定,463,預熱機溫度,Add,Success
1658,2024-01-05 18:47:27.597,10.44.84.27,WHFOU00447,欄位設定,463,首片片號,Add,Success
1659,2024-01-05 18:47:39.467,10.44.84.27,WHFOU00447,欄位設定,463,首片片號,Add,Success
1660,2024-01-05 18:48:14.507,10.44.84.27,WHFOU00447,欄位設定,464,首片片號,Add,Success
1661,2024-01-05 18:48:22.743,10.44.84.27,WHFOU00447,欄位設定,465,檢驗者,Add,Success
1662,2024-01-05 18:48:31.277,10.44.84.27,WHFOU00447,欄位設定,464,首片片號,Update,Success
1663,2024-01-05 18:48:50.660,10.44.84.27,WHFOU00447,欄位設定,466,報廢,Add,Success
1664,2024-01-05 18:48:57.573,10.44.84.27,WHFOU00447,欄位設定,467,"產出 ",Add,Success
1665,2024-01-05 18:49:06.337,10.44.84.27,WHFOU00447,欄位設定,468,預熱機溫度,Add,Success
1666,2024-01-05 18:49:26.963,10.44.84.27,WHFOU00447,欄位設定,469,上流數量,Add,Success
1667,2024-01-05 18:49:38.263,10.44.84.27,WHFOU00447,欄位設定,470,下流數量,Add,Success
1668,2024-01-05 18:49:42.627,10.44.84.27,WHFOU00447,欄位設定,469,上流數量,Update,Success
1669,2024-01-05 18:50:01.307,10.44.84.27,WHFOU00447,欄位設定,471,第一次為準批退片數,Add,Success
1670,2024-01-05 18:50:09.057,10.44.84.27,WHFOU00447,欄位設定,472,對位精度,Add,Success
1671,2024-01-05 18:50:16.490,10.44.84.27,WHFOU00447,欄位設定,473,首片片號,Add,Success
1672,2024-01-05 18:50:24.827,10.44.84.27,WHFOU00447,欄位設定,474,檢測項目,Add,Success
1673,2024-01-05 18:50:35.967,10.44.84.27,WHFOU00447,欄位設定,474,上流數量,Add,Success
1674,2024-01-05 18:50:51.540,10.44.84.27,WHFOU00447,欄位設定,475,上流數量,Add,Success
1675,2024-01-05 18:50:59.647,10.44.84.27,WHFOU00447,欄位設定,476,下流數量,Add,Success
1676,2024-01-05 18:52:00.333,10.44.84.27,WHFOU00447,欄位設定,477,第一次為準批退片數,Add,Success
1677,2024-01-05 18:52:09.340,10.44.84.27,WHFOU00447,欄位設定,478,對位精度,Add,Success
1678,2024-01-05 18:52:17.450,10.44.84.27,WHFOU00447,欄位設定,479,首片片號,Add,Success
1679,2024-01-05 18:52:26.660,10.44.84.27,WHFOU00447,欄位設定,480,檢測項目,Add,Success
1680,2024-01-05 18:52:46.890,10.44.84.27,WHFOU00447,欄位設定,481,上流數量,Add,Success
1681,2024-01-05 18:52:58.937,10.44.84.27,WHFOU00447,欄位設定,482,下流數量,Add,Success
1682,2024-01-05 18:53:01.913,10.44.84.27,WHFOU00447,欄位設定,481,上流數量,Update,Success
1683,2024-01-05 18:53:11.923,10.44.84.27,WHFOU00447,欄位設定,483,第一次為準批退片數,Add,Success
1684,2024-01-05 18:53:20.790,10.44.84.27,WHFOU00447,欄位設定,484,對位精度,Add,Success
1685,2024-01-05 18:53:29.327,10.44.84.27,WHFOU00447,欄位設定,485,首片片號,Add,Success
1686,2024-01-05 18:53:31.003,10.44.84.27,WHFOU00447,欄位設定,485,,Add,Fail
1687,2024-01-05 18:53:45.657,10.44.84.27,WHFOU00447,欄位設定,486,檢測項目,Add,Success
1688,2024-01-05 18:54:17.020,10.44.84.27,WHFOU00447,欄位設定,487,狀態 進料/首件/製程中/出料,Add,Success
1689,2024-01-05 18:54:29.737,10.44.84.27,WHFOU00447,欄位設定,488,檢驗片號,Add,Success
1690,2024-01-05 18:54:36.907,10.44.84.27,WHFOU00447,欄位設定,489,檢驗顆數,Add,Success
1691,2024-01-05 18:54:43.897,10.44.84.27,WHFOU00447,欄位設定,490,PF顯影不潔,Add,Success
1692,2024-01-05 18:56:20.077,10.44.84.27,WHFOU00447,欄位設定,491,PF乾膜反沾,Add,Success
1693,2024-01-05 18:56:33.560,10.44.84.27,WHFOU00447,欄位設定,492,PF其他,Add,Success
1694,2024-01-05 18:57:02.320,10.44.84.27,WHFOU00447,欄位設定,492,PF其他,Update,Success
1695,2024-01-05 18:57:15.473,10.44.84.27,WHFOU00447,欄位設定,492,PF其他,Update,Success
1696,2024-01-05 18:57:25.657,10.44.84.27,WHFOU00447,欄位設定,493,PB顯影不潔,Add,Success
1697,2024-01-05 18:57:33.720,10.44.84.27,WHFOU00447,欄位設定,494,PB乾膜反沾,Add,Success
1698,2024-01-05 18:57:40.853,10.44.84.27,WHFOU00447,欄位設定,495,PB其他,Add,Success
1699,2024-01-05 18:57:49.053,10.44.84.27,WHFOU00447,欄位設定,496,缺點總和,Add,Success
1700,2024-01-05 18:57:59.543,10.44.84.27,WHFOU00447,欄位設定,497,缺點率,Add,Success
1701,2024-01-05 18:58:06.257,10.44.84.27,WHFOU00447,欄位設定,498,判定結果,Add,Success
1702,2024-01-05 18:58:12.273,10.44.84.27,WHFOU00447,欄位設定,499,檢驗者,Add,Success
1703,2024-01-05 18:58:23.770,10.44.84.27,WHFOU00447,欄位設定,500,確認者,Add,Success
1704,2024-01-05 18:59:18.243,10.44.84.27,WHFOU00447,欄位設定,501,狀態 進料/首件/製程中/出料,Add,Success
1705,2024-01-05 18:59:28.423,10.44.84.27,WHFOU00447,欄位設定,502,"檢驗片號 ",Add,Success
1706,2024-01-05 19:00:02.110,10.44.84.27,WHFOU00447,欄位設定,503,檢驗顆數,Add,Success
1707,2024-01-05 19:00:10.927,10.44.84.27,WHFOU00447,欄位設定,504,PF顯影不潔,Add,Success
1708,2024-01-05 19:00:18.337,10.44.84.27,WHFOU00447,欄位設定,505,PF乾膜反沾,Add,Success
1709,2024-01-05 19:00:34.923,10.44.84.27,WHFOU00447,欄位設定,506,PF其他,Add,Success
1710,2024-01-05 19:00:42.910,10.44.84.27,WHFOU00447,欄位設定,507,PB顯影不潔,Add,Success
1711,2024-01-05 19:00:51.600,10.44.84.27,WHFOU00447,欄位設定,508,PB乾膜反沾,Add,Success
1712,2024-01-05 19:01:04.443,10.44.84.27,WHFOU00447,欄位設定,509,PB其他,Add,Success
1713,2024-01-05 19:01:13.623,10.44.84.27,WHFOU00447,欄位設定,510,缺點總和,Add,Success
1714,2024-01-05 19:01:21.490,10.44.84.27,WHFOU00447,欄位設定,511,缺點率,Add,Success
1715,2024-01-05 19:01:29.793,10.44.84.27,WHFOU00447,欄位設定,512,判定結果,Add,Success
1716,2024-01-05 19:01:42.230,10.44.84.27,WHFOU00447,欄位設定,513,檢驗者,Add,Success
1717,2024-01-05 19:01:48.877,10.44.84.27,WHFOU00447,欄位設定,514,確認者,Add,Success
1718,2024-01-05 19:04:58.907,10.44.84.27,WHFOU00447,欄位設定,515,狀態 進料/首件/製程中/出料,Add,Success
1719,2024-01-05 19:05:10.907,10.44.84.27,WHFOU00447,欄位設定,516,檢驗片號,Add,Success
1720,2024-01-05 19:06:25.257,10.44.84.27,WHFOU00447,欄位設定,517,檢驗顆數,Add,Success
1721,2024-01-05 19:06:37.827,10.44.84.27,WHFOU00447,欄位設定,518,PF顯影不潔,Add,Success
1722,2024-01-05 19:06:40.937,10.44.84.27,WHFOU00447,欄位設定,517,檢驗顆數,Update,Success
1723,2024-01-05 19:06:49.377,10.44.84.27,WHFOU00447,欄位設定,519,PF乾膜反沾,Add,Success
1724,2024-01-05 19:07:39.257,10.44.84.27,WHFOU00447,欄位設定,520,PF其他,Add,Success
1725,2024-01-05 19:07:46.703,10.44.84.27,WHFOU00447,欄位設定,521,PB顯影不潔,Add,Success
1726,2024-01-05 19:07:56.637,10.44.84.27,WHFOU00447,欄位設定,522,PB乾膜反沾,Add,Success
1727,2024-01-05 19:08:03.393,10.44.84.27,WHFOU00447,欄位設定,523,PB其他,Add,Success
1728,2024-01-05 19:08:56.927,10.44.84.27,WHFOU00447,欄位設定,524,缺點總和,Add,Success
1729,2024-01-05 19:09:06.257,10.44.84.27,WHFOU00447,欄位設定,525,缺點率,Add,Success
1730,2024-01-05 19:09:52.113,10.44.84.27,WHFOU00447,欄位設定,526,判定結果,Add,Success
1731,2024-01-05 19:09:59.807,10.44.84.27,WHFOU00447,欄位設定,527,檢驗者,Add,Success
1732,2024-01-05 19:10:08.637,10.44.84.27,WHFOU00447,欄位設定,528,確認者,Add,Success
1733,2024-01-05 19:11:53.540,10.44.84.27,WHFOU00447,欄位設定,529,板厚,Add,Success
1734,2024-01-05 19:12:05.493,10.44.84.27,WHFOU00447,欄位設定,530,下料抽檢,Add,Success
1735,2024-01-05 19:12:13.457,10.44.84.27,WHFOU00447,欄位設定,531,斜線型/直線型/板面汙染/小斑點,Add,Success
1736,2024-01-05 19:13:10.993,10.44.84.27,WHFOU00447,欄位設定,532,銅面刮傷,Add,Success
1737,2024-01-05 19:13:22.807,10.44.84.27,WHFOU00447,欄位設定,529,板厚,Update,Success
1738,2024-01-05 19:13:47.550,10.44.84.27,WHFOU00447,欄位設定,532,銅面刮傷,Update,Success
1739,2024-01-05 19:15:53.550,10.44.84.27,WHFOU00447,欄位設定,533,夾點露ABF,Add,Success
1740,2024-01-05 19:16:10.940,10.44.84.27,WHFOU00447,欄位設定,534,加抽板號,Add,Success
1741,2024-01-05 19:16:27.957,10.44.84.27,WHFOU00447,欄位設定,535,"烤爐 ",Add,Success
1742,2024-01-05 19:16:49.440,10.44.84.27,WHFOU00447,欄位設定,536,目檢片號,Add,Success
1743,2024-01-05 19:16:55.970,10.44.84.27,WHFOU00447,欄位設定,537,"咬蝕量 ",Add,Success
1744,2024-01-05 19:16:59.853,10.44.84.27,WHFOU00447,欄位設定,536,目檢片號,Update,Success
1745,2024-01-05 19:17:04.353,10.44.84.27,WHFOU00447,欄位設定,538,Ra值,Add,Success
1746,2024-01-05 19:17:16.923,10.44.84.27,WHFOU00447,欄位設定,539,量測送件紀錄,Add,Success
1747,2024-01-05 19:17:30.970,10.44.84.27,WHFOU00447,欄位設定,540,線速 m/min,Add,Success
1748,2024-01-05 19:18:14.587,10.44.84.27,WHFOU00447,欄位設定,541,亮點,Add,Success
1749,2024-01-05 19:18:23.990,10.44.84.27,WHFOU00447,欄位設定,542,板面刮傷,Add,Success
1750,2024-01-05 19:18:41.590,10.44.84.27,WHFOU00447,欄位設定,543,手紋印,Add,Success
1751,2024-01-05 19:18:52.853,10.44.84.27,WHFOU00447,欄位設定,544,水紋,Add,Success
1752,2024-01-05 19:19:09.767,10.44.84.27,WHFOU00447,欄位設定,545,銅面異物,Add,Success
1753,2024-01-05 19:19:21.950,10.44.84.27,WHFOU00447,欄位設定,546,顏色不均,Add,Success
1754,2024-01-05 19:19:29.437,10.44.84.27,WHFOU00447,欄位設定,547,咬蝕不完全(殘銅),Add,Success
1755,2024-01-05 19:19:57.373,10.44.84.27,WHFOU00447,欄位設定,548,綠漆下異色,Add,Success
1756,2024-01-05 19:20:20.067,10.44.84.27,WHFOU00447,欄位設定,549,目檢片號,Add,Success
1757,2024-01-05 19:20:24.720,10.44.84.27,WHFOU00447,欄位設定,549,目檢片號,Update,Success
1758,2024-01-05 19:20:37.687,10.44.84.27,WHFOU00447,欄位設定,550,咬蝕量,Add,Success
1759,2024-01-05 19:20:51.033,10.44.84.27,WHFOU00447,欄位設定,550,咬蝕量,Update,Success
1760,2024-01-05 19:21:03.357,10.44.84.27,WHFOU00447,欄位設定,551,Ra值,Add,Success
1761,2024-01-05 19:21:26.900,10.44.84.27,WHFOU00447,欄位設定,552,量測送件紀錄,Add,Success
1762,2024-01-05 19:22:12.583,10.44.84.27,WHFOU00447,欄位設定,553,線速 m/min,Add,Success
1763,2024-01-05 19:22:32.257,10.44.84.27,WHFOU00447,欄位設定,554,亮點,Add,Success
1764,2024-01-05 19:23:39.017,10.44.84.27,WHFOU00447,欄位設定,555,板面刮傷,Add,Success
1765,2024-01-05 19:23:48.123,10.44.84.27,WHFOU00447,欄位設定,556,手紋印,Add,Success
1766,2024-01-05 19:24:01.920,10.44.84.27,WHFOU00447,欄位設定,557,水紋,Add,Success
1767,2024-01-05 19:24:14.567,10.44.84.27,WHFOU00447,欄位設定,558,銅面異物,Add,Success
1768,2024-01-05 19:24:38.977,10.44.84.27,WHFOU00447,欄位設定,559,顏色不均,Add,Success
1769,2024-01-05 19:24:49.037,10.44.84.27,WHFOU00447,欄位設定,560,咬蝕不完全(殘銅),Add,Success
1770,2024-01-05 19:25:14.507,10.44.84.27,WHFOU00447,欄位設定,561,綠漆下異色,Add,Success
1771,2024-01-05 19:28:28.887,10.44.84.27,WHFOU00447,欄位設定,562,狀態,Add,Success
1772,2024-01-05 19:28:38.237,10.44.84.27,WHFOU00447,欄位設定,563,油墨(OP),Add,Success
1773,2024-01-05 19:28:46.323,10.44.84.27,WHFOU00447,欄位設定,564,板厚輸入(OP),Add,Success
1774,2024-01-05 19:29:04.390,10.44.84.27,WHFOU00447,欄位設定,565,Coater #8→Baking投料時間,Add,Success
1775,2024-01-05 19:29:32.677,10.44.84.27,WHFOU00447,欄位設定,565,Coater #8→Baking投料時間,Add,Success
1776,2024-01-05 19:29:56.523,10.44.84.27,WHFOU00447,欄位設定,565,Coater #8→Baking投料時間,Add,Success
1777,2024-01-05 19:31:52.757,10.44.84.27,WHFOU00447,欄位設定,565,Coater #8→Baking投料開始時間,Update,Success
1778,2024-01-05 19:32:20.703,10.44.84.27,WHFOU00447,欄位設定,565,Coater #8 Baking 投料開始時間,Update,Success
1779,2024-01-05 19:32:27.487,10.44.84.27,WHFOU00447,欄位設定,562,狀態,Update,Success
1780,2024-01-05 19:34:20.350,10.44.84.27,WHFOU00447,欄位設定,566,Coater #8 Baking 投料結束時間,Add,Success
1781,2024-01-05 19:35:36.483,10.44.84.27,WHFOU00447,欄位設定,567,Coater #9 Baking 投料開始時間,Add,Success
1782,2024-01-05 19:36:14.397,10.44.84.27,WHFOU00447,欄位設定,568,Coater #9 Baking 投料結束時間,Add,Success
1783,2024-01-05 19:37:30.417,10.44.84.27,WHFOU00447,欄位設定,569,Roller 規格/參數,Add,Success
1784,2024-01-05 19:37:48.800,10.44.84.27,WHFOU00447,欄位設定,570,Roller 編號,Add,Success
1785,2024-01-05 19:38:05.767,10.44.84.27,WHFOU00447,欄位設定,571,#8前Roller片數,Add,Success
1786,2024-01-05 19:38:09.710,10.44.84.27,WHFOU00447,欄位設定,570,Roller 編號,Update,Success
1787,2024-01-05 19:38:25.000,10.44.84.27,WHFOU00447,欄位設定,572,#8後Roller片數,Add,Success
1788,2024-01-05 19:39:42.167,10.44.84.27,WHFOU00447,欄位設定,573,滾輪拉力左側 (0.5±0.3 kg),Add,Success
1789,2024-01-05 19:40:43.007,10.44.84.27,WHFOU00447,欄位設定,574,滾輪拉力右側 (0.5±0.3 kg),Add,Success
1790,2024-01-05 19:41:18.283,10.44.84.27,WHFOU00447,欄位設定,575,Coater#1濕重,Add,Success
1791,2024-01-05 19:41:41.537,10.44.84.27,WHFOU00447,欄位設定,576,油墨罐號,Add,Success
1792,2024-01-05 19:41:48.023,10.44.84.27,WHFOU00447,欄位設定,575,Coater#1濕重,Update,Success
1793,2024-01-05 19:42:07.050,10.44.84.27,WHFOU00447,欄位設定,577,油墨批號,Add,Success
1794,2024-01-05 19:42:24.610,10.44.84.27,WHFOU00447,欄位設定,577,Roller 規格/參數,Add,Success
1795,2024-01-05 19:48:52.247,10.44.84.27,WHFOU00447,欄位設定,578,產品別,Add,Success
1796,2024-01-05 19:49:37.867,10.44.84.27,WHFOU00447,欄位設定,579,Plasma 是否完成,Add,Success
1797,2024-01-05 19:50:05.077,10.44.84.27,WHFOU00447,欄位設定,578,產品別,Update,Success
1798,2024-01-05 19:50:14.997,10.44.84.27,WHFOU00447,欄位設定,580,治具,Add,Success
1799,2024-01-05 19:50:23.647,10.44.84.27,WHFOU00447,欄位設定,581,真空值,Add,Success
1800,2024-01-05 19:51:25.097,10.44.84.27,WHFOU00447,欄位設定,582,Tray 型式,Add,Success
1801,2024-01-05 19:51:34.017,10.44.84.27,WHFOU00447,欄位設定,583,Z1刀具編號,Add,Success
1802,2024-01-05 19:51:45.280,10.44.84.27,WHFOU00447,欄位設定,584,生產前,Add,Success
1803,2024-01-05 19:51:53.947,10.44.84.27,WHFOU00447,欄位設定,585,生產後,Add,Success
1804,2024-01-05 19:52:10.480,10.44.84.27,WHFOU00447,欄位設定,586,Z2刀具編號,Add,Success
1805,2024-01-05 19:52:27.637,10.44.84.27,WHFOU00447,欄位設定,586,生產前,Add,Success
1806,2024-01-05 19:53:07.597,10.44.84.27,WHFOU00447,欄位設定,584,Z1 生產前,Update,Success
1807,2024-01-05 19:53:16.113,10.44.84.27,WHFOU00447,欄位設定,583,Z1刀具編號,Update,Success
1808,2024-01-05 19:53:24.897,10.44.84.27,WHFOU00447,欄位設定,585,生產後,Update,Success
1809,2024-01-05 19:53:32.230,10.44.84.27,WHFOU00447,欄位設定,586,Z2 刀具編號,Update,Success
1810,2024-01-05 19:53:36.277,10.44.84.27,WHFOU00447,欄位設定,586,,Add,Fail
1811,2024-01-05 19:53:53.517,10.44.84.27,WHFOU00447,欄位設定,587,Z2 生產前,Add,Success
1812,2024-01-05 19:54:00.547,10.44.84.27,WHFOU00447,欄位設定,587,Z2 生產前,Update,Success
1813,2024-01-05 19:54:21.717,10.44.84.27,WHFOU00447,欄位設定,588,Z2 生產後,Add,Success
1814,2024-01-05 19:55:17.567,10.44.84.27,WHFOU00447,欄位設定,589,檢驗量(進料),Add,Success
1815,2024-01-05 19:56:01.863,10.44.84.27,WHFOU00447,欄位設定,590,刮傷(input),Add,Success
1816,2024-01-05 19:58:26.517,10.44.84.27,WHFOU00447,欄位設定,591,壓傷(input),Add,Success
1817,2024-01-05 19:58:45.630,10.44.84.27,WHFOU00447,欄位設定,592,污染變色氧化(input),Add,Success
1818,2024-01-05 19:59:34.917,10.44.84.27,WHFOU00447,欄位設定,593,Bump異物、受損,Add,Success
1819,2024-01-05 20:00:03.813,10.44.84.27,WHFOU00447,欄位設定,593,Bump 異物、受損,Update,Success
1820,2024-01-05 20:00:56.930,10.44.84.27,WHFOU00447,欄位設定,594,綠漆異物、受損,Add,Success
1821,2024-01-05 20:01:29.313,10.44.84.27,WHFOU00447,欄位設定,593,Bump 異物、受損(input),Update,Success
1822,2024-01-05 20:01:45.013,10.44.84.27,WHFOU00447,欄位設定,594,綠漆異物、受損(input),Update,Success
1823,2024-01-05 20:02:28.447,10.44.84.27,WHFOU00447,欄位設定,595,檢驗量(出料),Add,Success
1824,2024-01-05 20:02:42.763,10.44.84.27,WHFOU00447,欄位設定,596,刮傷,Add,Success
1825,2024-01-05 20:03:20.047,10.44.84.27,WHFOU00447,欄位設定,597,壓傷(出料),Add,Success
1826,2024-01-05 20:03:41.847,10.44.84.27,WHFOU00447,欄位設定,590,刮傷(進料),Update,Success
1827,2024-01-05 20:03:47.897,10.44.84.27,WHFOU00447,欄位設定,591,壓傷(進料),Update,Success
1828,2024-01-05 20:03:56.297,10.44.84.27,WHFOU00447,欄位設定,592,污染變色氧化(進料),Update,Success
1829,2024-01-05 20:04:09.413,10.44.84.27,WHFOU00447,欄位設定,593,Bump 異物、受損(進料),Update,Success
1830,2024-01-05 20:04:17.127,10.44.84.27,WHFOU00447,欄位設定,594,綠漆異物、受損(進料),Update,Success
1831,2024-01-05 20:04:33.913,10.44.84.27,WHFOU00447,欄位設定,596,刮傷,Update,Success
1832,2024-01-05 20:05:01.897,10.44.84.27,WHFOU00447,欄位設定,598,污染變色氧化(出料),Add,Success
1833,2024-01-05 20:05:15.437,10.44.84.27,WHFOU00447,欄位設定,596,刮傷(出科),Update,Success
1834,2024-01-05 20:06:14.217,10.44.84.27,WHFOU00447,欄位設定,596,壓傷(出料),Add,Success
1835,2024-01-05 20:06:36.147,10.44.84.27,WHFOU00447,欄位設定,596,污染變色氧化(出料),Add,Success
1836,2024-01-05 20:06:46.650,10.44.84.27,WHFOU00447,欄位設定,598,污染變色氧化(出料),Update,Success
1837,2024-01-05 20:07:38.297,10.44.84.27,WHFOU00447,欄位設定,599,崩缺,Add,Success
1838,2024-01-05 20:08:06.913,10.44.84.27,WHFOU00447,欄位設定,600,Bump 異物、受損,Add,Success
1839,2024-01-05 20:08:27.880,10.44.84.27,WHFOU00447,欄位設定,601,綠漆異物、受損,Add,Success
1840,2024-01-05 20:08:42.517,10.44.84.27,WHFOU00447,欄位設定,602,壓痕,Add,Success
1841,2024-01-05 20:11:09.680,10.44.84.27,WHFOU00447,欄位設定,603,斜切,Add,Success
1842,2024-01-05 20:11:24.367,10.44.84.27,WHFOU00447,欄位設定,604,切偏露銅,Add,Success
1843,2024-01-05 20:12:28.230,10.44.84.27,WHFOU00447,欄位設定,605,缺點率(進料),Add,Success
1844,2024-01-05 20:12:50.863,10.44.84.27,WHFOU00447,欄位設定,606,視覺系統,Add,Success
1845,2024-01-05 20:13:10.513,10.44.84.27,WHFOU00447,欄位設定,607,結批後Vision NG數,Add,Success
1846,2024-01-05 20:13:30.977,10.44.84.27,WHFOU00447,欄位設定,608,Sorting後OK數量,Add,Success
1847,2024-01-05 20:13:54.747,10.44.84.27,WHFOU00447,欄位設定,609,Sorting後NG數量,Add,Success
1848,2024-01-05 20:14:12.613,10.44.84.27,WHFOU00447,欄位設定,610,單/雙刀,Add,Success
1849,2024-01-05 20:15:17.680,10.44.84.27,WHFOU00447,欄位設定,610,單/雙刀(更換刀),Update,Success
1850,2024-01-05 20:15:45.943,10.44.84.27,WHFOU00447,欄位設定,610,單/雙刀,Update,Success
1851,2024-01-05 20:15:50.827,10.44.84.27,WHFOU00447,欄位設定,611,Mahr,Add,Success
1852,2024-01-05 20:16:09.193,10.44.84.27,WHFOU00447,欄位設定,612,領班/人員,Add,Success
1853,2024-01-05 20:22:18.487,10.44.84.27,WHFOU00447,欄位設定,612,Z1刀具編號,Add,Success
1854,2024-01-05 20:23:22.643,10.44.84.27,WHFOU00447,欄位設定,613,Z1刀具編號(第一次換刀),Add,Success
1855,2024-01-05 20:24:18.747,10.44.84.27,WHFOU00447,欄位設定,614,下刀狀況(第一次換刀),Add,Success
1856,2024-01-05 20:24:25.447,10.44.84.27,WHFOU00447,欄位設定,614,下刀狀況(第一次換刀),Update,Success
1857,2024-01-05 20:24:41.577,10.44.84.27,WHFOU00447,欄位設定,613,Z1刀具編號(第一次換刀),Update,Success
1858,2024-01-05 20:25:53.047,10.44.84.27,WHFOU00447,欄位設定,615,生產前 (切割刀行走距離),Add,Success
1859,2024-01-05 20:29:58.647,10.44.84.27,WHFOU00447,欄位設定,615,生產前 (切割刀行走距離),Add,Success
1860,2024-01-05 20:32:05.347,10.44.84.27,WHFOU00447,欄位設定,616,生產後 (切割刀行走距離),Add,Success
1861,2024-01-05 20:32:25.063,10.44.84.27,WHFOU00447,欄位設定,617,Z2刀具編號,Add,Success
1862,2024-01-05 20:33:08.327,10.44.84.27,WHFOU00447,欄位設定,617,下刀狀況(第一次換刀),Add,Success
1863,2024-01-05 20:34:21.040,10.44.84.27,WHFOU00447,欄位設定,617,Z2刀具編號(第一次換刀),Update,Success
1864,2024-01-05 20:34:41.287,10.44.84.27,WHFOU00447,欄位設定,617,Z2刀具編號(第一次換刀),Update,Success
1865,2024-01-05 20:34:48.913,10.44.84.27,WHFOU00447,欄位設定,613,Z1刀具編號(第一次換刀),Update,Success
1866,2024-01-05 20:36:35.177,10.44.84.27,WHFOU00447,欄位設定,614,Z1 下刀狀況(第一次換刀),Update,Success
1867,2024-01-05 20:37:20.693,10.44.84.27,WHFOU00447,欄位設定,614,Z1 下刀狀況(第一次換刀),Update,Success
1868,2024-01-05 20:37:43.463,10.44.84.27,WHFOU00447,欄位設定,614,Z1下刀狀況(第一次換刀),Update,Success
1869,2024-01-05 20:37:54.133,10.44.84.27,WHFOU00447,欄位設定,613,Z1刀具編號(第一次換刀),Update,Success
1870,2024-01-05 20:37:59.257,10.44.84.27,WHFOU00447,欄位設定,613,Z1刀具編號(第一次換刀),Update,Success
1871,2024-01-05 20:38:11.490,10.44.84.27,WHFOU00447,欄位設定,614,Z1 下刀狀況(第一次換刀),Update,Success
1872,2024-01-05 20:38:20.040,10.44.84.27,WHFOU00447,欄位設定,613,Z1 刀具編號(第一次換刀),Update,Success
1873,2024-01-05 20:38:34.160,10.44.84.27,WHFOU00447,欄位設定,616,Z1 生產後 (切割刀行走距離),Update,Success
1874,2024-01-05 20:38:46.907,10.44.84.27,WHFOU00447,欄位設定,615,Z1 生產前 (切割刀行走距離),Update,Success
1875,2024-01-05 20:38:53.840,10.44.84.27,WHFOU00447,欄位設定,617,Z2 刀具編號(第一次換刀),Update,Success
1876,2024-01-05 20:39:16.803,10.44.84.27,WHFOU00447,欄位設定,618,Z2 下刀狀況(第一次換刀),Add,Success
1877,2024-01-05 20:39:46.293,10.44.84.27,WHFOU00447,欄位設定,619,Z2 生產前 (切割刀行走距離),Add,Success
1878,2024-01-05 20:39:57.940,10.44.84.27,WHFOU00447,欄位設定,620,Z2 生產後 (切割刀行走距離),Add,Success
1879,2024-01-05 20:42:44.503,10.44.84.27,WHFOU00447,欄位設定,621,Z1 刀具編號(第二次換刀),Add,Success
1880,2024-01-05 20:43:02.863,10.44.84.27,WHFOU00447,欄位設定,622,Z1 下刀狀況(第二次換刀),Add,Success
1881,2024-01-05 20:44:10.007,10.44.84.27,WHFOU00447,欄位設定,615,Z1 生產前 (第一次換刀),Update,Success
1882,2024-01-05 20:44:20.937,10.44.84.27,WHFOU00447,欄位設定,616,Z1 生產後 (第一次換刀),Update,Success
1883,2024-01-05 20:44:38.040,10.44.84.27,WHFOU00447,欄位設定,619,Z2 生產前 (第一次換刀),Update,Success
1884,2024-01-05 20:44:45.343,10.44.84.27,WHFOU00447,欄位設定,620,Z2 生產後 (第一次換刀),Update,Success
1885,2024-01-05 20:45:17.437,10.44.84.27,WHFOU00447,欄位設定,615,Z1 生產前 (第二次換刀),Update,Success
1886,2024-01-05 20:45:36.527,10.44.84.27,WHFOU00447,欄位設定,615,Z1 生產前 (第二次換刀),Update,Success
1887,2024-01-05 20:45:47.323,10.44.84.27,WHFOU00447,欄位設定,616,Z1 生產後 (第一次換刀),Update,Success
1888,2024-01-05 20:46:04.910,10.44.84.27,WHFOU00447,欄位設定,619,Z2 生產前 (第一次換刀),Update,Success
1889,2024-01-05 20:46:16.757,10.44.84.27,WHFOU00447,欄位設定,620,Z2 生產後 (第一次換刀),Update,Success
1890,2024-01-05 20:46:41.527,10.44.84.27,WHFOU00447,欄位設定,615,Z1 生產前 (第一次換刀),Update,Success
1891,2024-01-05 20:47:00.760,10.44.84.27,WHFOU00447,欄位設定,623,Z1 生產前 (第二次換刀),Add,Success
1892,2024-01-05 20:47:18.957,10.44.84.27,WHFOU00447,欄位設定,624,Z1 生產後 (第二次換刀),Add,Success
1893,2024-01-05 20:47:56.690,10.44.84.27,WHFOU00447,欄位設定,625,Z2 刀具編號(第二次換刀),Add,Success
1894,2024-01-05 20:48:11.317,10.44.84.27,WHFOU00447,欄位設定,625,Z2 下刀狀況(第一次換刀),Add,Success
1895,2024-01-05 20:48:22.497,10.44.84.27,WHFOU00447,欄位設定,625,Z2 刀具編號(第二次換刀),Update,Success
1896,2024-01-05 20:48:47.607,10.44.84.27,WHFOU00447,欄位設定,626,Z2 下刀狀況(第二次換刀),Add,Success
1897,2024-01-05 20:49:34.187,10.44.84.27,WHFOU00447,欄位設定,627,Z2 生產前 (第二次換刀),Add,Success
1898,2024-01-05 20:55:30.697,10.44.84.27,WHFOU00447,欄位設定,628,Z2 生產後 (第二次換刀),Add,Success
1899,2024-01-05 20:55:54.607,10.44.84.27,WHFOU00447,欄位設定,629,停機說明,Add,Success
1900,2024-01-05 20:56:07.127,10.44.84.27,WHFOU00447,欄位設定,627,Z2 生產前 (第二次換刀),Update,Success
1901,2024-01-05 20:56:12.193,10.44.84.27,WHFOU00447,欄位設定,627,Z2 生產前 (第二次換刀),Update,Success
1902,2024-01-05 20:59:58.657,10.44.84.27,WHFOU00447,欄位設定,630,停機開始時間,Add,Success
1903,2024-01-05 21:00:10.637,10.44.84.27,WHFOU00447,欄位設定,631,停機結束時間,Add,Success
1904,2024-01-05 21:00:23.057,10.44.84.27,WHFOU00447,欄位設定,632,停機,Add,Success
1905,2024-01-05 21:00:55.637,10.44.84.27,WHFOU00447,欄位設定,633,停機項目,Add,Success
1906,2024-01-05 21:01:02.793,10.44.84.27,WHFOU00447,欄位設定,633,停機項目,Update,Success
1907,2024-01-05 21:01:24.410,10.44.84.27,WHFOU00447,欄位設定,634,K0038 刀痕沒找到,Add,Success
1908,2024-01-05 21:01:53.203,10.44.84.27,WHFOU00447,欄位設定,635,K0039 刀痕偏離中心,Add,Success
1909,2024-01-05 21:02:00.063,10.44.84.27,WHFOU00447,欄位設定,635,K0039 刀痕偏離中心,Update,Success
1910,2024-01-05 21:02:17.440,10.44.84.27,WHFOU00447,欄位設定,636,K0040 刀痕太寬,Add,Success
1911,2024-01-05 21:02:34.887,10.44.84.27,WHFOU00447,欄位設定,637,K0041 太窄,Add,Success
1912,2024-01-08 13:17:32.587,10.44.84.27,WHFOU00447,欄位設定,629,停機說明,Update,Success
1913,2024-01-08 13:17:38.257,10.44.84.27,WHFOU00447,欄位設定,630,停機開始時間,Update,Success
1914,2024-01-08 13:17:51.907,10.44.84.27,WHFOU00447,欄位設定,631,停機結束時間,Update,Success
1915,2024-01-08 13:17:56.290,10.44.84.27,WHFOU00447,欄位設定,632,停機,Update,Success
1916,2024-01-08 13:18:04.087,10.44.84.27,WHFOU00447,欄位設定,634,K0038 刀痕沒找到,Update,Success
1917,2024-01-08 13:18:08.767,10.44.84.27,WHFOU00447,欄位設定,633,停機項目,Update,Success
1918,2024-01-08 13:18:14.187,10.44.84.27,WHFOU00447,欄位設定,635,K0039 刀痕偏離中心,Update,Success
1919,2024-01-08 13:18:18.087,10.44.84.27,WHFOU00447,欄位設定,636,K0040 刀痕太寬,Update,Success
1920,2024-01-08 13:18:24.103,10.44.84.27,WHFOU00447,欄位設定,637,K0041 太窄,Update,Success
1921,2024-01-08 13:19:03.290,10.44.84.27,WHFOU00447,欄位設定,638,壓頭尺寸,Add,Success
1922,2024-01-08 13:19:32.593,10.44.84.27,WHFOU00447,欄位設定,639,排版,Add,Success
1923,2024-01-08 13:19:45.610,10.44.84.27,WHFOU00447,欄位設定,640,動態檢驗次數,Add,Success
1924,2024-01-08 13:19:57.227,10.44.84.27,WHFOU00447,欄位設定,641,壓頭清潔次數,Add,Success
1925,2024-01-08 13:20:27.337,10.44.84.27,WHFOU00447,欄位設定,642,BH規格,Add,Success
1926,2024-01-08 13:20:33.623,10.44.84.27,WHFOU00447,欄位設定,643,BD規格,Add,Success
1927,2024-01-08 13:20:43.373,10.44.84.27,WHFOU00447,欄位設定,644,是否使用粗糙壓頭,Add,Success
1928,2024-01-08 13:20:57.287,10.44.84.27,WHFOU00447,欄位設定,645,是否使用中凸壓頭(Y/N),Add,Success
1929,2024-01-08 13:21:05.407,10.44.84.27,WHFOU00447,欄位設定,644,是否使用粗糙壓頭,Update,Success
1930,2024-01-08 13:21:16.710,10.44.84.27,WHFOU00447,欄位設定,644,是否使用粗糙壓頭,Update,Success
1931,2024-01-08 13:21:24.457,10.44.84.27,WHFOU00447,欄位設定,646,有鉛N / 無鉛S,Add,Success
1932,2024-01-08 13:21:37.917,10.44.84.27,WHFOU00447,欄位設定,647,COIN MARK數量,Add,Success
1933,2024-01-08 13:21:53.800,10.44.84.27,WHFOU00447,欄位設定,648,小球數量,Add,Success
1934,2024-01-08 13:22:09.307,10.44.84.27,WHFOU00447,欄位設定,649,掉球數量,Add,Success
1935,2024-01-08 13:22:21.387,10.44.84.27,WHFOU00447,欄位設定,650,綠漆凹陷,Add,Success
1936,2024-01-08 13:22:25.207,10.44.84.27,WHFOU00447,欄位設定,651,綠漆刮傷,Add,Success
1937,2024-01-08 13:22:41.067,10.44.84.27,WHFOU00447,欄位設定,652,A(來料短少),Add,Success
1938,2024-01-08 13:22:59.267,10.44.84.27,WHFOU00447,欄位設定,653,B(衝壓造成翻盤),Add,Success
1939,2024-01-08 13:23:11.493,10.44.84.27,WHFOU00447,欄位設定,652,A(來料短少),Update,Success
1940,2024-01-08 13:23:16.857,10.44.84.27,WHFOU00447,欄位設定,653,B(衝壓造成翻盤),Update,Success
1941,2024-01-08 13:23:30.840,10.44.84.27,WHFOU00447,欄位設定,654,C(黏板),Add,Success
1942,2024-01-08 13:23:50.803,10.44.84.27,WHFOU00447,欄位設定,655,D(機台掉板),Add,Success
1943,2024-01-08 13:23:54.067,10.44.84.27,WHFOU00447,欄位設定,653,B(衝壓造成翻盤),Update,Success
1944,2024-01-08 13:23:55.840,10.44.84.27,WHFOU00447,欄位設定,654,C(黏板),Update,Success
1945,2024-01-08 13:23:59.323,10.44.84.27,WHFOU00447,欄位設定,654,C(黏板),Update,Success
1946,2024-01-08 13:24:13.070,10.44.84.27,WHFOU00447,欄位設定,656,G(壓頭沾附異物造成固定點壓傷),Add,Success
1947,2024-01-08 13:24:31.403,10.44.84.27,WHFOU00447,欄位設定,657,F(AOI劃記),Add,Success
1948,2024-01-08 13:24:34.650,10.44.84.27,WHFOU00447,欄位設定,656,G(壓頭沾附異物造成固定點壓傷),Update,Success
1949,2024-01-08 13:24:57.087,10.44.84.27,WHFOU00447,欄位設定,658,S(綠漆汙染),Add,Success
1950,2024-01-08 13:25:15.710,10.44.84.27,WHFOU00447,欄位設定,659,M(DSOP造成報廢),Add,Success
1951,2024-01-08 13:26:06.223,10.44.84.27,WHFOU00447,欄位設定,660,K(BUMP崩塌變形),Add,Success
1952,2024-01-08 13:26:11.803,10.44.84.27,WHFOU00447,欄位設定,660,K(BUMP崩塌變形),Update,Success
1953,2024-01-08 13:26:30.087,10.44.84.27,WHFOU00447,欄位設定,661,T(機台搬運部翻盤),Add,Success
1954,2024-01-08 13:26:57.083,10.44.84.27,WHFOU00447,欄位設定,662,其他,Add,Success
1955,2024-01-08 13:27:02.833,10.44.84.27,WHFOU00447,欄位設定,661,T(機台搬運部翻盤),Update,Success
1956,2024-01-08 13:27:54.273,10.44.84.27,WHFOU00447,欄位設定,663,PASS,Add,Success
1957,2024-01-08 13:28:04.887,10.44.84.27,WHFOU00447,欄位設定,664,OPEN,Add,Success
1958,2024-01-08 13:28:15.023,10.44.84.27,WHFOU00447,欄位設定,665,SHORT,Add,Success
1959,2024-01-08 13:28:25.553,10.44.84.27,WHFOU00447,欄位設定,666,Open 標準,Add,Success
1960,2024-01-08 13:28:33.037,10.44.84.27,WHFOU00447,欄位設定,667,Leak 標準,Add,Success
1961,2024-01-08 13:28:40.207,10.44.84.27,WHFOU00447,欄位設定,668,LAYER,Add,Success
1962,2024-01-08 13:28:54.407,10.44.84.27,WHFOU00447,欄位設定,669,治具欄位,Add,Success
1963,2024-01-08 13:29:12.557,10.44.84.27,WHFOU00447,欄位設定,670,治具編號(VLOOKUP治具編號),Add,Success
1964,2024-01-08 13:29:34.107,10.44.84.27,WHFOU00447,欄位設定,671,LEAK 電壓,Add,Success
1965,2024-01-08 13:29:39.787,10.44.84.27,WHFOU00447,欄位設定,672,OPEN覆測數,Add,Success
1966,2024-01-08 13:29:50.773,10.44.84.27,WHFOU00447,欄位設定,672,PASS,Add,Success
1967,2024-01-08 13:30:01.850,10.44.84.27,WHFOU00447,欄位設定,663,PASS Low Yield,Update,Success
1968,2024-01-08 13:30:08.017,10.44.84.27,WHFOU00447,欄位設定,664,OPEN Low Yield,Update,Success
1969,2024-01-08 13:30:18.730,10.44.84.27,WHFOU00447,欄位設定,665,SHORT Low Yield,Update,Success
1970,2024-01-08 13:30:31.173,10.44.84.27,WHFOU00447,欄位設定,673,PASS,Add,Success
1971,2024-01-08 13:30:40.107,10.44.84.27,WHFOU00447,欄位設定,674,2W OPEN,Add,Success
1972,2024-01-08 13:30:45.507,10.44.84.27,WHFOU00447,欄位設定,675,4W OPEN,Add,Success
1973,2024-01-08 13:30:50.057,10.44.84.27,WHFOU00447,欄位設定,676,LEAK,Add,Success
1974,2024-01-08 13:30:54.123,10.44.84.27,WHFOU00447,欄位設定,677,uShort,Add,Success
1975,2024-01-08 13:31:00.367,10.44.84.27,WHFOU00447,欄位設定,678,SPARK,Add,Success
1976,2024-01-08 13:31:04.537,10.44.84.27,WHFOU00447,欄位設定,679,Alignment,Add,Success
1977,2024-01-08 13:31:16.553,10.44.84.27,WHFOU00447,欄位設定,680,是否挑板(Y/N),Add,Success
1978,2024-01-08 13:31:28.823,10.44.84.27,WHFOU00447,欄位設定,681,電阻值卡控,Add,Success
1979,2024-01-08 13:31:37.023,10.44.84.27,WHFOU00447,欄位設定,682,Other,Add,Success
1980,2024-01-08 13:31:41.707,10.44.84.27,WHFOU00447,欄位設定,683,TDR PASS,Add,Success
1981,2024-01-08 13:31:57.260,10.44.84.27,WHFOU00447,欄位設定,684,檢驗量,Add,Success
1982,2024-01-08 13:32:10.423,10.44.84.27,WHFOU00447,欄位設定,685,扎痕位置異常(扎偏),Add,Success
1983,2024-01-08 13:32:37.520,10.44.84.27,WHFOU00447,欄位設定,686,扎點形狀異常(非孔狀),Add,Success
1984,2024-01-08 13:33:05.340,10.44.84.27,WHFOU00447,欄位設定,687,崩塌變形(入) 50 PCS,Add,Success
1985,2024-01-08 13:33:51.697,10.44.84.27,WHFOU00447,欄位設定,687,崩塌變形(入),Update,Success
1986,2024-01-08 13:34:15.287,10.44.84.27,WHFOU00447,欄位設定,688,崩塌變形(出),Add,Success
1987,2024-01-08 13:34:30.650,10.44.84.27,WHFOU00447,欄位設定,689,OSP測針小黑點,Add,Success
1988,2024-01-08 13:34:42.237,10.44.84.27,WHFOU00447,欄位設定,690,OSP氧化變色,Add,Success
1989,2024-01-08 13:34:55.657,10.44.84.27,WHFOU00447,欄位設定,691,板邊崩缺,Add,Success
1990,2024-01-08 13:34:59.953,10.44.84.27,WHFOU00447,欄位設定,690,OSP氧化變色,Update,Success
1991,2024-01-08 13:35:03.337,10.44.84.27,WHFOU00447,欄位設定,691,板邊崩缺,Update,Success
1992,2024-01-08 13:35:26.620,10.44.84.27,WHFOU00447,欄位設定,692,錫皺,Add,Success
1993,2024-01-08 13:35:30.757,10.44.84.27,WHFOU00447,欄位設定,692,錫皺,Update,Success
1994,2024-01-08 13:35:54.237,10.44.84.27,WHFOU00447,欄位設定,693,板彎翹,Add,Success
1995,2024-01-08 13:35:59.737,10.44.84.27,WHFOU00447,欄位設定,693,板彎翹,Update,Success
1996,2024-01-08 13:36:19.570,10.44.84.27,WHFOU00447,欄位設定,694,錫污,Add,Success
1997,2024-01-08 13:36:39.860,10.44.84.27,WHFOU00447,欄位設定,695,異物,Add,Success
1998,2024-01-08 13:36:43.437,10.44.84.27,WHFOU00447,欄位設定,694,錫污,Update,Success
1999,2024-01-08 13:36:58.707,10.44.84.27,WHFOU00447,欄位設定,696,綠漆凹陷,Add,Success
