Pkey,AreaID,MachineNo,StartTime,EndTime,Type,Remark,MachineState
1,33,SMKDEV1033,2024-01-06 23:42:00.000,2024-01-07 00:42:00.000,其他,,PD_Run_正常生產
2,33,SMKDEV1033,2024-01-06 23:47:00.000,2024-01-07 00:47:00.000,其他,,SB_Idle_待命
3,28,SMKEXP2023,2024-01-08 07:50:00.000,2024-01-08 08:10:00.000,其他,保養,SB_Idle_待命
4,28,SMKEXP2023,2024-01-08 08:30:00.000,2024-01-08 09:10:00.000,Dummy,AUTO ALIGNMENT,SB_Idle_待命
5,28,SMKEXP2023,2024-01-08 10:10:00.000,2024-01-08 10:20:00.000,Dummy,AOIM DUMMY,SB_Idle_待命
6,28,SMKEXP2023,2024-01-08 10:20:00.000,2024-01-08 10:40:00.000,Dummy,"41 STEP ",SB_Idle_待命
7,28,SMKEXP2023,2024-01-08 10:40:00.000,2024-01-08 13:30:00.000,Dummy,WAIT WIP,SB_Idle_待命
8,42,IMTDSC1013,2024-01-11 17:29:00.000,2024-01-11 18:29:00.000,其他,,SB_Idle_待命
9,42,IMTDSC1013,2024-01-13 04:35:00.000,2024-01-13 05:35:00.000,其他,,PD_Run_正常生產
10,42,IMTDSC1013,2024-01-13 06:21:00.000,2024-01-13 07:21:00.000,其他,,SB_Idle_待命
11,42,IMTDSC1013,2024-01-13 18:03:00.000,2024-01-13 19:03:00.000,其他,,SB_Idle_待命
12,42,IMTDSC1013,2024-01-14 08:47:00.000,2024-01-14 09:47:00.000,其他,,PD_Run_正常生產
13,42,IMTDSC1013,2024-01-14 16:00:00.000,2024-01-14 17:00:00.000,其他,,SB_Idle_待命
14,42,IMTDSC1013,2024-01-14 16:21:00.000,2024-01-14 17:21:00.000,其他,,SB_Idle_待命
15,42,IMTDSC1013,2024-01-14 17:07:00.000,2024-01-14 18:07:00.000,其他,,SB_Idle_待命
16,42,IMTDSC1013,2024-01-14 17:07:00.000,2024-01-14 18:07:00.000,其他,,SB_Idle_待命
17,42,IMTDSC1013,2024-01-15 08:05:00.000,2024-01-15 09:05:00.000,其他,,SB_Idle_待命
18,42,IMTDSC1013,2024-01-15 15:27:00.000,2024-01-15 16:27:00.000,其他,,PD_Run_正常生產
19,42,IMTDSC1013,2024-01-15 15:44:00.000,2024-01-15 16:44:00.000,其他,,PD_Run_正常生產
20,42,IMTDSC1013,2024-01-15 15:44:00.000,2024-01-15 16:44:00.000,其他,,PD_Run_正常生產
21,42,IMTDSC1013,2024-01-15 16:14:00.000,2024-01-15 17:14:00.000,其他,,SB_Idle_待命
22,42,IMTDSC1013,2024-01-15 19:57:00.000,2024-01-15 20:57:00.000,其他,,PD_Run_正常生產
23,42,IMTDSC1013,2024-01-15 20:02:00.000,2024-01-15 21:02:00.000,其他,,PD_Run_正常生產
24,42,IMTDSC1013,2024-01-15 20:02:00.000,2024-01-15 21:02:00.000,其他,,PD_Run_正常生產
25,39,IMTPRE1033,2024-01-17 03:36:00.000,2024-01-17 04:36:00.000,其他,,PD_Run_正常生產
26,39,IMTPRE1033,2024-01-17 03:36:00.000,2024-01-17 04:36:00.000,其他,,PD_Run_正常生產
27,39,IMTPRE1033,2024-01-17 05:37:00.000,2024-01-17 06:37:00.000,其他,,PD_Run_正常生產
28,39,IMTPRE1033,2024-01-17 05:37:00.000,2024-01-17 06:37:00.000,其他,,PD_Run_正常生產
29,42,IMTDSC1013,2024-01-17 10:16:00.000,2024-01-17 11:16:00.000,其他,,PD_Run_正常生產
30,42,IMTDSC1013,2024-01-17 11:58:00.000,2024-01-17 12:58:00.000,其他,,PD_Run_正常生產
31,42,IMTDSC1013,2024-01-17 12:37:00.000,2024-01-17 13:37:00.000,其他,,PD_Run_正常生產
32,42,IMTDSC1013,2024-01-17 13:38:00.000,2024-01-17 14:38:00.000,其他,,PD_Run_正常生產
33,42,IMTDSC1013,2024-01-17 13:38:00.000,2024-01-17 14:38:00.000,其他,,PD_Run_正常生產
34,42,IMTDSC1013,2024-01-17 15:38:00.000,2024-01-17 16:38:00.000,其他,,SB_Idle_待命
35,42,IMTDSC1013,2024-01-17 15:38:00.000,2024-01-17 16:38:00.000,其他,,SB_Idle_待命
36,42,IMTDSC1013,2024-01-17 16:18:00.000,2024-01-17 17:18:00.000,其他,,SB_Idle_待命
37,39,IMTPRE1033,2024-01-17 20:15:00.000,2024-01-17 21:15:00.000,其他,,PD_Run_正常生產
38,39,IMTPRE1033,2024-01-17 20:15:00.000,2024-01-17 21:15:00.000,其他,,PD_Run_正常生產
39,39,IMTPRE1033,2024-01-17 21:33:00.000,2024-01-17 22:33:00.000,其他,,PD_Run_正常生產
40,39,IMTPRE1033,2024-01-17 23:40:00.000,2024-01-18 00:40:00.000,其他,,SB_Idle_待命
41,39,IMTPRE1033,2024-01-18 02:23:00.000,2024-01-18 03:23:00.000,其他,,PD_Run_正常生產
42,39,IMTPRE1033,2024-01-18 04:35:00.000,2024-01-18 05:35:00.000,其他,,SB_Idle_待命
43,41,OSPOSP2013,2024-01-18 04:58:00.000,2024-01-18 05:58:00.000,其他,,SB_Idle_待命
44,41,OSPOSP2013,2024-01-18 04:58:00.000,2024-01-18 05:58:00.000,其他,,SB_Idle_待命
45,41,OSPOSP2013,2024-01-18 04:58:00.000,2024-01-18 05:58:00.000,其他,,SB_Idle_待命
46,41,OSPOSP2013,2024-01-18 04:58:00.000,2024-01-18 05:58:00.000,其他,,SB_Idle_待命
47,41,OSPOSP2013,2024-01-18 04:58:00.000,2024-01-18 05:58:00.000,其他,,SB_Idle_待命
48,41,OSPOSP2013,2024-01-18 04:58:00.000,2024-01-19 05:58:00.000,其他,,SB_Idle_待命
49,41,OSPOSP2013,2024-01-18 04:58:00.000,2024-01-19 05:58:00.000,其他,,SB_Idle_待命
50,41,OSPOSP2013,2024-01-18 04:58:00.000,2024-01-19 05:58:00.000,其他,,SB_Idle_待命
51,41,OSPOSP2013,2024-01-18 04:58:00.000,2024-01-19 05:58:00.000,其他,,SB_Idle_待命
52,41,OSPOSP2013,2024-01-16 04:58:00.000,2024-01-16 05:58:00.000,其他,,SB_Idle_待命
53,42,IMTDSC1013,2024-01-18 07:09:00.000,2024-01-18 08:09:00.000,其他,,SB_Idle_待命
54,42,IMTDSC1013,2024-01-18 07:54:00.000,2024-01-18 08:54:00.000,其他,,PD_Run_正常生產
55,42,IMTDSC1013,2024-01-18 11:49:00.000,2024-01-18 12:49:00.000,其他,,SB_Idle_待命
56,42,IMTDSC1013,2024-01-18 11:49:00.000,2024-01-18 12:49:00.000,其他,,SB_Idle_待命
57,42,IMTDSC1013,2024-01-18 12:15:00.000,2024-01-18 13:15:00.000,其他,,PD_Run_正常生產
58,19,SMKCLN1013,2024-01-18 08:00:00.000,2024-01-18 08:10:00.000,其他,CLN DUMMY for 6pcs,SB_Idle_待命
59,42,IMTDSC1013,2024-01-18 14:16:00.000,2024-01-18 15:16:00.000,其他,,PD_Run_正常生產
60,42,IMTDSC1013,2024-01-18 14:16:00.000,2024-01-18 15:16:00.000,其他,,PD_Run_正常生產
61,42,IMTDSC1013,2024-01-18 14:21:00.000,2024-01-18 15:21:00.000,其他,,PD_Run_正常生產
62,42,IMTDSC1013,2024-01-18 15:37:00.000,2024-01-18 16:37:00.000,其他,,SB_Idle_待命
63,22,SMKPTR1043,2024-01-18 15:50:00.000,2024-01-18 16:50:00.000,其他,,PD_Run_正常生產
64,42,IMTDSC1013,2024-01-18 17:13:00.000,2024-01-18 18:13:00.000,其他,,SB_Idle_待命
65,42,IMTDSC1013,2024-01-18 20:09:00.000,2024-01-18 21:09:00.000,其他,,SB_Idle_待命
66,42,IMTDSC1013,2024-01-19 06:21:00.000,2024-01-19 07:21:00.000,其他,,SB_Idle_待命
67,42,IMTDSC1013,2024-01-19 06:21:00.000,2024-01-19 07:21:00.000,其他,,SB_Idle_待命
68,42,IMTDSC1013,2024-01-19 06:41:00.000,2024-01-19 07:41:00.000,其他,,SB_Idle_待命
69,42,IMTDSC1013,2024-01-19 07:04:00.000,2024-01-19 08:04:00.000,其他,,SB_Idle_待命
70,42,IMTDSC1013,2024-01-19 07:04:00.000,2024-01-19 08:04:00.000,其他,,SB_Idle_待命
71,42,IMTDSC1013,2024-01-19 07:04:00.000,2024-01-19 08:04:00.000,其他,,SB_Idle_待命
72,42,IMTDSC1013,2024-01-19 07:45:00.000,2024-01-19 08:45:00.000,其他,,SB_Idle_待命
73,42,IMTDSC1013,2024-01-19 10:14:00.000,2024-01-19 11:14:00.000,其他,,PD_Run_正常生產
74,42,IMTDSC1013,2024-01-19 10:21:00.000,2024-01-19 11:21:00.000,其他,,PD_Run_正常生產
75,42,IMTDSC1013,2024-01-19 10:45:00.000,2024-01-19 11:45:00.000,其他,,SB_Idle_待命
76,42,IMTDSC1013,2024-01-19 12:12:00.000,2024-01-19 13:12:00.000,其他,,SB_Idle_待命
77,42,IMTDSC1013,2024-01-19 12:12:00.000,2024-01-19 13:12:00.000,其他,,SB_Idle_待命
78,42,IMTDSC1013,2024-01-19 12:12:00.000,2024-01-19 13:12:00.000,其他,,SB_Idle_待命
79,42,IMTDSC1013,2024-01-19 12:23:00.000,2024-01-19 13:23:00.000,其他,,SB_Idle_待命
80,42,IMTDSC1013,2024-01-19 13:12:00.000,2024-01-19 14:12:00.000,其他,,PD_Run_正常生產
81,42,IMTDSC1013,2024-01-19 13:12:00.000,2024-01-19 14:12:00.000,其他,,PD_Run_正常生產
82,19,SMKCLN1013,2024-01-19 07:55:00.000,2024-01-19 08:05:00.000,其他,CLN DUMMY for 6 pcs,SB_Idle_待命
83,42,IMTDSC1013,2024-01-19 15:07:00.000,2024-01-19 16:07:00.000,其他,,PD_Run_正常生產
84,42,IMTDSC1013,2024-01-19 15:07:00.000,2024-01-19 16:07:00.000,其他,,PD_Run_正常生產
85,42,IMTDSC1013,2024-01-19 15:38:00.000,2024-01-19 16:38:00.000,其他,,PD_Run_正常生產
86,38,SMKPOS1123,2024-01-19 16:35:00.000,2024-01-19 20:05:00.000,其他,,PD_Run_正常生產
87,38,SMKPOS1123,2024-01-19 16:35:00.000,2024-01-19 20:05:00.000,其他,,PD_Run_正常生產
88,42,IMTDSC1013,2024-01-19 15:48:00.000,2024-01-19 16:48:00.000,其他,,PD_Run_正常生產
89,42,IMTDSC1013,2024-01-19 15:48:00.000,2024-01-19 16:48:00.000,其他,,PD_Run_正常生產
90,42,IMTDSC1013,2024-01-19 16:51:00.000,2024-01-19 17:51:00.000,其他,,SB_Idle_待命
91,42,IMTDSC1013,2024-01-20 10:16:00.000,2024-01-20 11:16:00.000,其他,,PD_Run_正常生產
92,28,SMKEXP2023,2024-01-20 07:30:00.000,2024-01-20 07:50:00.000,其他,保養,PD_Run_正常生產
93,28,SMKEXP2023,2024-01-20 11:20:00.000,2024-01-20 11:30:00.000,其他,DUMMY,PD_Run_正常生產
94,28,SMKEXP2023,2024-01-20 11:30:00.000,2024-01-20 11:40:00.000,其他,DUMMY 41-STEP,PD_Run_正常生產
95,42,IMTDSC1013,2024-01-20 10:57:00.000,2024-01-20 11:57:00.000,其他,,SB_Idle_待命
96,42,IMTDSC1013,2024-01-20 12:22:00.000,2024-01-20 13:22:00.000,其他,,PD_Run_正常生產
97,42,IMTDSC1013,2024-01-20 12:43:00.000,2024-01-20 13:43:00.000,其他,,PD_Run_正常生產
98,42,IMTDSC1013,2024-01-20 13:29:00.000,2024-01-20 14:29:00.000,其他,,PD_Run_正常生產
99,42,IMTDSC1013,2024-01-20 13:59:00.000,2024-01-20 14:59:00.000,其他,,SB_Idle_待命
100,19,SMKCLN1013,2024-01-20 07:40:00.000,2024-01-20 07:50:00.000,其他,CLN DUMMY for 6 pcs,SB_Idle_待命
101,42,IMTDSC1013,2024-01-21 15:06:00.000,2024-01-21 16:06:00.000,其他,,PD_Run_正常生產
102,42,IMTDSC1013,2024-01-21 16:19:00.000,2024-01-21 17:19:00.000,其他,,SB_Idle_待命
103,20,SMKMEC1013,2024-01-22 06:45:00.000,2024-01-22 07:45:00.000,Dummy,,SB_Idle_待命
104,42,IMTDSC1013,2024-01-22 10:21:00.000,2024-01-22 11:21:00.000,其他,,PD_Run_正常生產
105,42,IMTDSC1013,2024-01-22 14:05:00.000,2024-01-22 15:05:00.000,其他,,PD_Run_正常生產
106,42,IMTDSC1013,2024-01-22 16:32:00.000,2024-01-22 17:32:00.000,其他,,SB_Idle_待命
107,33,SMKDEV1033,2024-01-21 07:59:00.000,2024-01-21 08:59:00.000,其他,,SB_Idle_待命
108,41,OSPOSP2013,2024-01-22 19:59:00.000,2024-01-23 20:59:00.000,其他,,SB_Idle_待命
109,39,IMTPRE1033,2024-01-22 20:53:00.000,2024-01-22 21:53:00.000,其他,,PD_Run_正常生產
110,39,IMTPRE1033,2024-01-22 20:53:00.000,2024-01-22 21:53:00.000,其他,,PD_Run_正常生產
111,39,IMTPRE1033,2024-01-22 21:54:00.000,2024-01-22 22:54:00.000,其他,,PD_Run_正常生產
112,39,IMTPRE1033,2024-01-23 00:26:00.000,2024-01-23 01:26:00.000,其他,,PD_Run_正常生產
113,39,IMTPRE1033,2024-01-23 00:26:00.000,2024-01-23 01:26:00.000,其他,,PD_Run_正常生產
114,39,IMTPRE1033,2024-01-23 00:31:00.000,2024-01-23 01:31:00.000,其他,,PD_Run_正常生產
115,39,IMTPRE1033,2024-01-23 02:53:00.000,2024-01-23 03:53:00.000,其他,,PD_Run_正常生產
116,39,IMTPRE1033,2024-01-23 03:18:00.000,2024-01-23 04:18:00.000,其他,,PD_Run_正常生產
117,39,IMTPRE1033,2024-01-23 04:34:00.000,2024-01-23 05:34:00.000,其他,,SB_Idle_待命
118,39,IMTPRE1033,2024-01-23 04:34:00.000,2024-01-23 05:34:00.000,其他,,SB_Idle_待命
119,39,IMTPRE1033,2024-01-23 06:15:00.000,2024-01-23 07:15:00.000,其他,,SB_Idle_待命
120,42,IMTDSC1013,2024-01-23 06:52:00.000,2024-01-23 07:52:00.000,其他,,SB_Idle_待命
121,37,SMKLUV1043,2024-01-23 12:08:00.000,2024-01-23 13:08:00.000,其他,,SB_Idle_待命
122,37,SMKLUV1043,2024-01-23 12:08:00.000,2024-01-23 13:08:00.000,其他,,SB_Idle_待命
123,37,SMKLUV1043,2024-01-23 12:08:00.000,2024-01-23 13:08:00.000,其他,,SB_Idle_待命
124,37,SMKLUV1043,2024-01-23 12:08:00.000,2024-01-23 13:08:00.000,其他,,SB_Idle_待命
125,38,SMKPOS1023,2024-01-23 12:11:00.000,2024-01-23 13:11:00.000,其他,,PD_Run_正常生產
126,38,SMKPOS1023,2024-01-23 12:11:00.000,2024-01-23 13:11:00.000,其他,,PD_Run_正常生產
127,37,SMKLUV1043,2024-01-23 14:17:00.000,2024-01-23 15:17:00.000,其他,,PD_Run_正常生產
128,37,SMKLUV1043,2024-01-23 14:17:00.000,2024-01-23 15:15:00.000,其他,,PD_Run_正常生產
129,37,SMKLUV1043,2024-01-23 14:17:00.000,2024-01-23 15:15:00.000,其他,,PD_Run_正常生產
130,37,SMKLUV1043,2024-01-23 14:17:00.000,2024-01-23 15:15:00.000,其他,,PD_Run_正常生產
131,37,SMKLUV1043,2024-01-23 15:06:00.000,2024-01-23 16:06:00.000,其他,,PD_Run_正常生產
132,38,SMKPOS1023,2024-01-23 15:19:00.000,2024-01-23 16:19:00.000,其他,,PD_Run_正常生產
133,38,SMKPOS1073,2024-01-23 15:19:00.000,2024-01-23 16:19:00.000,其他,,PD_Run_正常生產
134,37,SMKLUV1043,2024-01-23 16:56:00.000,2024-01-23 17:56:00.000,其他,,SB_Idle_待命
135,37,SMKLUV1043,2024-01-23 16:56:00.000,2024-01-23 17:56:00.000,其他,,SB_Idle_待命
136,21,SMKMEC1033,2024-01-24 01:05:00.000,2024-01-24 02:05:00.000,其他,,SB_Idle_待命
137,42,IMTDSC1013,2024-01-24 05:09:00.000,2024-01-24 06:09:00.000,其他,,SB_Idle_待命
138,19,SMKCLN1013,2024-01-24 08:10:00.000,2024-01-24 08:20:00.000,其他,CLN DUMMY for 6 pcs,SB_Idle_待命
139,37,SMKLUV1043,2024-01-24 10:07:00.000,2024-01-24 11:07:00.000,其他,,PD_Run_正常生產
140,37,SMKLUV1043,2024-01-24 10:07:00.000,2024-01-24 11:07:00.000,其他,,PD_Run_正常生產
141,37,SMKLUV1043,2024-01-24 11:44:00.000,2024-01-24 12:44:00.000,其他,,PD_Run_正常生產
142,36,SMKNOV1033,2024-01-24 11:46:00.000,2024-01-24 12:46:00.000,其他,,SB_Idle_待命
143,36,SMKNOV1033,2024-01-24 11:46:00.000,2024-01-24 12:46:00.000,其他,,SB_Idle_待命
144,36,SMKNOV1033,2024-01-24 11:46:00.000,2024-01-24 12:46:00.000,其他,,SB_Idle_待命
145,36,SMKNOV1033,2024-01-24 11:46:00.000,2024-01-24 12:46:00.000,其他,,SB_Idle_待命
146,36,SMKNOV1033,2024-01-24 14:33:00.000,2024-01-24 15:33:00.000,其他,,SB_Idle_待命
147,36,SMKNOV1033,2024-01-24 14:33:00.000,2024-01-24 15:33:00.000,其他,,SB_Idle_待命
148,36,SMKNOV1033,2024-01-24 14:38:00.000,2024-01-24 15:38:00.000,其他,,SB_Idle_待命
149,36,SMKNOV1033,2024-01-24 14:38:00.000,2024-01-24 15:38:00.000,其他,,SB_Idle_待命
150,22,SMKPTR1043,2024-01-24 15:24:00.000,2024-01-24 16:24:00.000,其他,,PD_Run_正常生產
151,42,IMTDSC1013,2024-01-24 16:47:00.000,2024-01-24 17:47:00.000,其他,,SB_Idle_待命
152,42,IMTDSC1013,2024-01-24 19:03:00.000,2024-01-24 20:03:00.000,其他,,SB_Idle_待命
153,42,IMTDSC1013,2024-01-24 19:03:00.000,2024-01-24 20:03:00.000,其他,,SB_Idle_待命
154,42,IMTDSC1013,2024-01-24 19:09:00.000,2024-01-24 20:09:00.000,其他,,SB_Idle_待命
155,42,IMTDSC1013,2024-01-24 19:09:00.000,2024-01-24 20:09:00.000,其他,,SB_Idle_待命
156,42,IMTDSC1013,2024-01-25 03:38:00.000,2024-01-25 04:38:00.000,其他,,PD_Run_正常生產
157,42,IMTDSC1013,2024-01-25 06:07:00.000,2024-01-25 07:07:00.000,其他,,SB_Idle_待命
158,36,SMKNOV1033,2024-01-25 07:33:00.000,2024-01-25 08:33:00.000,其他,,SB_Idle_待命
159,37,SMKLUV1043,2024-01-25 07:32:00.000,2024-01-25 08:32:00.000,其他,,PD_Run_正常生產
160,37,SMKLUV1043,2024-01-25 08:03:00.000,2024-01-25 09:03:00.000,其他,,PD_Run_正常生產
161,42,IMTDSC1013,2024-01-25 08:03:00.000,2024-01-25 09:03:00.000,其他,,PD_Run_正常生產
162,42,IMTDSC1013,2024-01-25 08:14:00.000,2024-01-25 09:14:00.000,其他,,PD_Run_正常生產
163,36,SMKNOV1033,2024-01-25 08:13:00.000,2024-01-25 09:13:00.000,其他,,SB_Idle_待命
164,37,SMKLUV1043,2024-01-25 09:45:00.000,2024-01-25 10:45:00.000,其他,,PD_Run_正常生產
165,36,SMKNOV1033,2024-01-25 09:46:00.000,2024-01-25 10:46:00.000,其他,,SB_Idle_待命
166,42,IMTDSC1013,2024-01-25 10:01:00.000,2024-01-25 11:01:00.000,其他,,PD_Run_正常生產
167,42,IMTDSC1013,2024-01-25 10:28:00.000,2024-01-25 11:28:00.000,其他,,PD_Run_正常生產
168,19,SMKCLN1013,2024-01-25 08:00:00.000,2024-01-25 08:10:00.000,其他,CLN  DUMMY for 6 pcs,SB_Idle_待命
169,42,IMTDSC1013,2024-01-25 12:32:00.000,2024-01-25 13:32:00.000,其他,,PD_Run_正常生產
170,36,SMKNOV1033,2024-01-25 14:09:00.000,2024-01-25 15:09:00.000,其他,,SB_Idle_待命
171,36,SMKNOV1033,2024-01-25 14:23:00.000,2024-01-25 15:23:00.000,其他,,SB_Idle_待命
172,36,SMKNOV1033,2024-01-25 14:38:00.000,2024-01-25 15:38:00.000,其他,,SB_Idle_待命
173,39,IMTPRE1033,2024-01-25 15:31:00.000,2024-01-25 16:31:00.000,其他,,PD_Run_正常生產
174,37,SMKLUV1043,2024-01-26 07:34:00.000,2024-01-26 08:34:00.000,其他,,PD_Run_正常生產
175,38,SMKPOS1023,2024-01-26 07:36:00.000,2024-01-26 08:36:00.000,其他,,PD_Run_正常生產
176,37,SMKLUV1043,2024-01-26 09:18:00.000,2024-01-26 10:18:00.000,其他,,PD_Run_正常生產
177,36,SMKNOV1033,2024-01-26 09:34:00.000,2024-01-26 10:34:00.000,其他,,SB_Idle_待命
178,42,IMTDSC1013,2024-01-26 09:37:00.000,2024-01-26 10:37:00.000,其他,,PD_Run_正常生產
179,42,IMTDSC1013,2024-01-26 10:14:00.000,2024-01-26 11:14:00.000,其他,,PD_Run_正常生產
180,42,IMTDSC1013,2024-01-26 10:24:00.000,2024-01-26 11:24:00.000,其他,,PD_Run_正常生產
181,37,SMKLUV1043,2024-01-26 11:39:00.000,2024-01-26 12:39:00.000,其他,,PD_Run_正常生產
182,42,IMTDSC1013,2024-01-26 12:34:00.000,2024-01-26 13:34:00.000,其他,,PD_Run_正常生產
183,37,SMKLUV1043,2024-01-26 12:42:00.000,2024-01-26 13:42:00.000,其他,,PD_Run_正常生產
184,42,IMTDSC1013,2024-01-26 13:10:00.000,2024-01-26 14:10:00.000,其他,,SB_Idle_待命
185,36,SMKNOV1033,2024-01-26 14:19:00.000,2024-01-26 15:19:00.000,其他,,SB_Idle_待命
186,36,SMKNOV1033,2024-01-26 14:19:00.000,2024-01-26 15:19:00.000,其他,,SB_Idle_待命
187,42,IMTDSC1013,2024-01-26 14:47:00.000,2024-01-26 15:47:00.000,其他,,PD_Run_正常生產
188,37,SMKLUV1043,2024-01-26 15:13:00.000,2024-01-26 16:13:00.000,其他,,PD_Run_正常生產
189,37,SMKLUV1043,2024-01-26 15:13:00.000,2024-01-26 16:13:00.000,其他,,PD_Run_正常生產
190,42,IMTDSC1013,2024-01-26 15:07:00.000,2024-01-26 16:07:00.000,其他,,SB_Idle_待命
191,37,SMKLUV1043,2024-01-26 17:21:00.000,2024-01-26 18:21:00.000,其他,,PD_Run_正常生產
192,42,IMTDSC1013,2024-01-26 16:23:00.000,2024-01-26 17:23:00.000,其他,,SB_Idle_待命
193,45,RUTCCD1013,2024-01-27 09:43:00.000,2024-01-27 10:43:00.000,其他,,PD_Run_正常生產
194,45,RUTCCD1013,2024-01-27 11:50:00.000,2024-01-27 12:50:00.000,其他,,PD_Run_正常生產
195,45,RUTCCD1013,2024-01-27 11:50:00.000,2024-01-27 12:50:00.000,其他,,PD_Run_正常生產
196,45,RUTCCD1013,2024-01-27 11:55:00.000,2024-01-27 12:55:00.000,其他,,PD_Run_正常生產
197,45,RUTCCD1013,2024-01-27 12:20:00.000,2024-01-27 13:20:00.000,其他,,PD_Run_正常生產
198,42,IMTDSC1013,2024-01-27 13:56:00.000,2024-01-27 14:56:00.000,其他,,PD_Run_正常生產
199,42,IMTDSC1013,2024-01-27 14:52:00.000,2024-01-27 15:52:00.000,其他,,PD_Run_正常生產
200,45,RUTCCD1013,2024-01-27 15:02:00.000,2024-01-27 16:02:00.000,其他,,PD_Run_正常生產
201,45,RUTCCD1013,2024-01-27 15:02:00.000,2024-01-27 16:02:00.000,其他,,PD_Run_正常生產
202,42,IMTDSC1013,2024-01-27 15:22:00.000,2024-01-27 16:22:00.000,其他,,SB_Idle_待命
203,45,RUTCCD1013,2024-01-27 17:13:00.000,2024-01-27 18:13:00.000,其他,,PD_Run_正常生產
204,42,IMTDSC1013,2024-01-28 15:08:00.000,2024-01-28 16:08:00.000,其他,,PD_Run_正常生產
205,39,IMTPRE1033,2024-01-28 20:19:00.000,2024-01-28 21:19:00.000,其他,,PD_Run_正常生產
206,39,IMTPRE1033,2024-01-28 22:51:00.000,2024-01-28 23:51:00.000,其他,,PD_Run_正常生產
207,39,IMTPRE1033,2024-01-28 22:56:00.000,2024-01-28 23:56:00.000,其他,,PD_Run_正常生產
208,39,IMTPRE1033,2024-01-29 00:38:00.000,2024-01-29 01:38:00.000,其他,,PD_Run_正常生產
209,39,IMTPRE1033,2024-01-29 01:43:00.000,2024-01-29 02:43:00.000,其他,,PD_Run_正常生產
210,39,IMTPRE1033,2024-01-29 01:59:00.000,2024-01-29 02:59:00.000,其他,,PD_Run_正常生產
211,39,IMTPRE1033,2024-01-29 02:14:00.000,2024-01-29 03:14:00.000,其他,,PD_Run_正常生產
212,39,IMTPRE1033,2024-01-29 03:35:00.000,2024-01-29 04:35:00.000,其他,,PD_Run_正常生產
213,39,IMTPRE1033,2024-01-29 05:22:00.000,2024-01-29 06:22:00.000,其他,,SB_Idle_待命
214,37,SMKLUV1043,2024-01-29 07:44:00.000,2024-01-29 08:44:00.000,其他,,PD_Run_正常生產
215,36,SMKNOV1033,2024-01-29 07:55:00.000,2024-01-29 08:55:00.000,其他,,PD_Run_正常生產
216,19,SMKCLN1013,2024-01-29 08:10:00.000,2024-01-29 08:20:00.000,其他,CLN DUMMY for 6 pcs,SB_Idle_待命
217,36,SMKNOV1033,2024-01-29 10:02:00.000,2024-01-29 11:02:00.000,其他,,PD_Run_正常生產
218,36,SMKNOV1033,2024-01-29 10:02:00.000,2024-01-29 11:02:00.000,其他,,PD_Run_正常生產
219,36,SMKNOV1033,2024-01-29 10:07:00.000,2024-01-29 11:07:00.000,其他,,PD_Run_正常生產
220,38,SMKPOS1023,2024-01-29 10:06:00.000,2024-01-29 11:06:00.000,其他,,PD_Run_正常生產
221,37,SMKLUV1043,2024-01-29 11:41:00.000,2024-01-29 12:41:00.000,其他,,PD_Run_正常生產
222,42,IMTDSC1013,2024-01-29 11:42:00.000,2024-01-29 12:42:00.000,其他,,PD_Run_正常生產
223,42,IMTDSC1013,2024-01-29 12:13:00.000,2024-01-29 13:13:00.000,其他,,PD_Run_正常生產
224,42,IMTDSC1013,2024-01-29 12:19:00.000,2024-01-29 13:19:00.000,其他,,PD_Run_正常生產
225,42,IMTDSC1013,2024-01-29 13:00:00.000,2024-01-29 14:00:00.000,其他,,PD_Run_正常生產
226,42,IMTDSC1013,2024-01-29 14:17:00.000,2024-01-29 15:17:00.000,其他,,PD_Run_正常生產
227,42,IMTDSC1013,2024-01-29 14:33:00.000,2024-01-29 15:33:00.000,其他,,PD_Run_正常生產
228,37,SMKLUV1043,2024-01-29 15:53:00.000,2024-01-29 16:53:00.000,其他,,PD_Run_正常生產
229,37,SMKLUV1043,2024-01-29 15:53:00.000,2024-01-29 16:53:00.000,其他,,PD_Run_正常生產
230,42,IMTDSC1013,2024-01-29 15:54:00.000,2024-01-29 16:54:00.000,其他,,SB_Idle_待命
231,37,SMKLUV1043,2024-01-29 15:58:00.000,2024-01-29 16:58:00.000,其他,,PD_Run_正常生產
232,36,SMKNOV1033,2024-01-29 16:01:00.000,2024-01-29 17:01:00.000,其他,,PD_Run_正常生產
233,38,SMKPOS1023,2024-01-29 16:04:00.000,2024-01-29 17:04:00.000,其他,,SB_Idle_待命
234,29,SMKEXP2013,2024-01-29 11:35:00.000,2024-01-29 12:10:00.000,其他,AUTO ALIGNMENT*2,SB_Idle_待命
235,29,SMKEXP2043,2024-01-29 12:10:00.000,2024-01-29 12:20:00.000,其他,SRFK DUMMY (230MJ),SB_Idle_待命
236,29,SMKEXP2043,2024-01-29 12:20:00.000,2024-01-29 12:40:00.000,其他,41-STEP (SRFK),SB_Idle_待命
237,29,SMKEXP2043,2024-01-29 07:10:00.000,2024-01-29 10:10:00.000,其他,MACHINE STOP(overlap),SB_Idle_待命
238,29,SMKEXP2043,2024-01-29 10:20:00.000,2024-01-29 11:25:00.000,其他,MACHINE STOP(overlap),SB_Idle_待命
239,29,SMKEXP2043,2024-01-29 13:00:00.000,2024-01-29 14:20:00.000,其他,MACHINE STOP(overlap),SB_Idle_待命
240,36,SMKNOV1033,2024-01-29 16:52:00.000,2024-01-29 17:52:00.000,其他,,SB_Idle_待命
241,19,SMKCLN1013,2024-01-29 10:40:00.000,2024-01-29 13:00:00.000,其他,CLN weekly maintainance,SB_Idle_待命
242,29,SMKEXP2043,2024-01-30 07:40:00.000,2024-01-30 07:50:00.000,其他,SRFK DUMMY (230MJ),PD_Run_正常生產
243,29,SMKEXP2043,2024-01-30 07:50:00.000,2024-01-30 08:10:00.000,其他,41-STEP (SRFK),PD_Run_正常生產
244,37,SMKLUV1043,2024-01-30 09:37:00.000,2024-01-30 10:37:00.000,其他,,SB_Idle_待命
245,42,IMTDSC1013,2024-01-30 09:39:00.000,2024-01-30 10:39:00.000,其他,,SD_PM_計畫保養
246,36,SMKNOV1033,2024-01-30 09:39:00.000,2024-01-30 10:39:00.000,其他,,SD_PM_計畫保養
247,36,SMKNOV1033,2024-01-30 09:39:00.000,2024-01-30 10:39:00.000,其他,,SD_PM_計畫保養
248,45,RUTCCD1013,2024-01-30 09:51:00.000,2024-01-30 10:51:00.000,其他,,PD_Run_正常生產
249,37,SMKLUV1043,2024-01-30 12:13:00.000,2024-01-30 13:13:00.000,其他,,PD_Run_正常生產
250,37,SMKLUV1043,2024-01-30 12:13:00.000,2024-01-30 13:13:00.000,其他,,PD_Run_正常生產
251,45,RUTCCD1013,2024-01-30 13:23:00.000,2024-01-30 14:23:00.000,其他,,PD_Run_正常生產
252,36,SMKNOV1033,2024-01-30 15:12:00.000,2024-01-30 16:12:00.000,其他,,SD_PM_計畫保養
253,37,SMKLUV1043,2024-01-30 15:16:00.000,2024-01-30 16:16:00.000,其他,,SB_Idle_待命
254,38,SMKPOS1023,2024-01-30 16:18:00.000,2024-01-30 17:18:00.000,其他,,PD_Run_正常生產
255,19,SMKCLN1013,2024-01-30 08:00:00.000,2024-01-30 08:10:00.000,其他,CLN DUMMY for 6 pcs,SB_Idle_待命
256,42,IMTDSC1013,2024-01-31 05:22:00.000,2024-01-31 06:22:00.000,其他,,SB_Idle_待命
257,42,IMTDSC1013,2024-01-31 07:05:00.000,2024-01-31 08:05:00.000,其他,,PD_Run_正常生產
258,36,SMKNOV1033,2024-01-31 07:39:00.000,2024-01-31 08:39:00.000,其他,,SD_PM_計畫保養
259,37,SMKLUV1043,2024-01-31 07:41:00.000,2024-01-31 08:41:00.000,其他,,PD_Run_正常生產
260,42,IMTDSC1013,2024-01-31 08:12:00.000,2024-01-31 09:12:00.000,其他,,SB_Idle_待命
261,42,IMTDSC1013,2024-01-31 08:17:00.000,2024-01-31 09:17:00.000,其他,,SB_Idle_待命
262,42,IMTDSC1013,2024-01-31 08:17:00.000,2024-01-31 09:17:00.000,其他,,SB_Idle_待命
263,42,IMTDSC1013,2024-01-31 09:12:00.000,2024-01-31 10:12:00.000,其他,,PD_Run_正常生產
264,42,IMTDSC1013,2024-01-31 09:17:00.000,2024-01-31 10:17:00.000,其他,,PD_Run_正常生產
265,37,SMKLUV1043,2024-01-31 09:32:00.000,2024-01-31 10:32:00.000,其他,,PD_Run_正常生產
266,42,IMTDSC1013,2024-01-31 09:33:00.000,2024-01-31 10:33:00.000,其他,,PD_Run_正常生產
267,42,IMTDSC1013,2024-01-31 09:43:00.000,2024-01-31 10:43:00.000,其他,,PD_Run_正常生產
268,36,SMKNOV1033,2024-01-31 10:01:00.000,2024-01-31 11:01:00.000,其他,,SD_PM_計畫保養
269,36,SMKNOV1033,2024-01-31 10:01:00.000,2024-01-31 11:01:00.000,其他,,SD_PM_計畫保養
270,36,SMKNOV1033,2024-01-31 10:01:00.000,2024-01-31 11:01:00.000,其他,,SD_PM_計畫保養
271,42,IMTDSC1013,2024-01-31 10:03:00.000,2024-01-31 11:03:00.000,其他,,SB_Idle_待命
272,42,IMTDSC1013,2024-01-31 10:08:00.000,2024-01-31 11:08:00.000,其他,,SB_Idle_待命
273,42,IMTDSC1013,2024-01-31 12:00:00.000,2024-01-31 13:00:00.000,其他,,PD_Run_正常生產
274,37,SMKLUV1043,2024-01-31 12:29:00.000,2024-01-31 13:29:00.000,其他,,SB_Idle_待命
275,36,SMKNOV1033,2024-01-31 12:27:00.000,2024-01-31 13:27:00.000,其他,,SD_PM_計畫保養
276,38,SMKPOS1023,2024-01-31 12:30:00.000,2024-01-31 13:30:00.000,其他,,SB_Idle_待命
277,42,IMTDSC1013,2024-01-31 12:31:00.000,2024-01-31 13:31:00.000,其他,,PD_Run_正常生產
278,42,IMTDSC1013,2024-01-31 13:16:00.000,2024-01-31 14:16:00.000,其他,,PD_Run_正常生產
279,37,SMKLUV1043,2024-01-31 13:15:00.000,2024-01-31 14:15:00.000,其他,,PD_Run_正常生產
280,42,IMTDSC1013,2024-01-31 14:07:00.000,2024-01-31 15:07:00.000,其他,,PD_Run_正常生產
281,42,IMTDSC1013,2024-01-31 14:33:00.000,2024-01-31 15:33:00.000,其他,,PD_Run_正常生產
282,42,IMTDSC1013,2024-01-31 14:33:00.000,2024-01-31 15:33:00.000,其他,,PD_Run_正常生產
283,42,IMTDSC1013,2024-01-31 14:43:00.000,2024-01-31 15:43:00.000,其他,,PD_Run_正常生產
284,42,IMTDSC1013,2024-01-31 14:53:00.000,2024-01-31 15:53:00.000,其他,,SB_Idle_待命
285,42,IMTDSC1013,2024-02-01 07:21:00.000,2024-02-01 08:21:00.000,其他,,PD_Run_正常生產
286,42,IMTDSC1013,2024-02-01 08:23:00.000,2024-02-01 09:23:00.000,其他,,PD_Run_正常生產
287,42,IMTDSC1013,2024-02-01 10:10:00.000,2024-02-01 11:10:00.000,其他,,PD_Run_正常生產
288,42,IMTDSC1013,2024-02-01 10:25:00.000,2024-02-01 11:25:00.000,其他,,PD_Run_正常生產
289,42,IMTDSC1013,2024-02-01 11:27:00.000,2024-02-01 12:27:00.000,其他,,SB_Idle_待命
290,42,IMTDSC1013,2024-02-01 11:27:00.000,2024-02-01 12:27:00.000,其他,,SB_Idle_待命
291,42,IMTDSC1013,2024-02-01 12:18:00.000,2024-02-01 13:18:00.000,其他,,PD_Run_正常生產
292,42,IMTDSC1013,2024-02-01 13:08:00.000,2024-02-01 14:08:00.000,其他,,SB_Idle_待命
293,42,IMTDSC1013,2024-02-01 14:30:00.000,2024-02-01 15:30:00.000,其他,,PD_Run_正常生產
294,28,SMKEXP2023,2024-02-01 13:20:00.000,2024-02-01 13:40:00.000,其他,AOIM DUMMY,SB_Idle_待命
295,28,SMKEXP2023,2024-02-01 13:40:00.000,2024-02-01 14:00:00.000,其他,"41 STEP ",SB_Idle_待命
296,42,IMTDSC1013,2024-02-01 16:12:00.000,2024-02-01 17:12:00.000,其他,,SB_Idle_待命
297,42,IMTDSC1013,2024-02-01 17:39:00.000,2024-02-01 18:39:00.000,其他,,SB_Idle_待命
298,42,IMTDSC1013,2024-02-01 17:39:00.000,2024-02-01 18:39:00.000,其他,,SB_Idle_待命
299,42,IMTDSC1013,2024-02-01 17:44:00.000,2024-02-01 18:44:00.000,其他,,SB_Idle_待命
300,42,IMTDSC1013,2024-02-01 17:44:00.000,2024-02-01 18:44:00.000,其他,,SB_Idle_待命
301,36,SMKNOV1033,2024-02-01 17:52:00.000,2024-02-01 18:52:00.000,其他,,SD_PM_計畫保養
302,36,SMKNOV1033,2024-02-01 17:57:00.000,2024-02-01 18:57:00.000,其他,,SD_PM_計畫保養
303,42,IMTDSC1013,2024-02-02 09:38:00.000,2024-02-02 10:38:00.000,其他,,PD_Run_正常生產
304,42,IMTDSC1013,2024-02-02 11:39:00.000,2024-02-02 12:39:00.000,其他,,PD_Run_正常生產
305,42,IMTDSC1013,2024-02-02 14:40:00.000,2024-02-02 15:40:00.000,其他,,PD_Run_正常生產
306,42,IMTDSC1013,2024-02-03 16:57:00.000,2024-02-03 17:57:00.000,其他,,SB_Idle_待命
307,39,IMTPRE1033,2024-02-03 22:10:00.000,2024-02-03 23:10:00.000,其他,,PD_Run_正常生產
308,39,IMTPRE1033,2024-02-03 22:10:00.000,2024-02-03 23:10:00.000,其他,,PD_Run_正常生產
309,39,IMTPRE1033,2024-02-03 22:20:00.000,2024-02-03 23:20:00.000,其他,,PD_Run_正常生產
310,39,IMTPRE1033,2024-02-03 22:20:00.000,2024-02-03 23:20:00.000,其他,,PD_Run_正常生產
311,39,IMTPRE1033,2024-02-04 00:52:00.000,2024-02-04 01:52:00.000,其他,,PD_Run_正常生產
312,39,IMTPRE1033,2024-02-04 01:38:00.000,2024-02-04 02:38:00.000,其他,,PD_Run_正常生產
313,39,IMTPRE1033,2024-02-04 01:53:00.000,2024-02-04 02:53:00.000,其他,,PD_Run_正常生產
314,39,IMTPRE1033,2024-02-04 02:03:00.000,2024-02-04 03:03:00.000,其他,,PD_Run_正常生產
315,39,IMTPRE1033,2024-02-04 03:25:00.000,2024-02-04 04:25:00.000,其他,,PD_Run_正常生產
316,39,IMTPRE1033,2024-02-04 03:25:00.000,2024-02-04 04:25:00.000,其他,,PD_Run_正常生產
317,39,IMTPRE1033,2024-02-04 03:35:00.000,2024-02-04 04:35:00.000,其他,,PD_Run_正常生產
318,39,IMTPRE1033,2024-02-04 03:45:00.000,2024-02-04 04:45:00.000,其他,,PD_Run_正常生產
319,39,IMTPRE1033,2024-02-04 05:52:00.000,2024-02-04 06:52:00.000,其他,,SB_Idle_待命
320,29,SMKEXP2043,2024-02-04 07:30:00.000,2024-02-04 07:40:00.000,其他,SRFK DUMMY (230MJ),PD_Run_正常生產
321,29,SMKEXP2043,2024-02-04 07:40:00.000,2024-02-04 08:00:00.000,其他,41-STEP (SRFK),PD_Run_正常生產
322,29,SMKEXP2043,2024-02-04 08:20:00.000,2024-02-04 09:25:00.000,其他,DEV. WIP HIGH,PD_Run_正常生產
323,29,SMKEXP2043,2024-02-04 09:25:00.000,2024-02-04 10:05:00.000,其他,CHANGE UV (BALL H1),PD_Run_正常生產
324,42,IMTDSC1013,2024-02-04 11:55:00.000,2024-02-04 12:55:00.000,其他,,SB_Idle_待命
325,19,SMKCLN1013,2024-02-04 12:34:00.000,2024-02-04 13:34:00.000,其他,CLN DUMMY  for 6 pcs,SB_Idle_待命
326,42,IMTDSC1013,2024-02-04 14:08:00.000,2024-02-04 15:08:00.000,其他,,PD_Run_正常生產
327,42,IMTDSC1013,2024-02-04 15:32:00.000,2024-02-04 16:32:00.000,其他,,SB_Idle_待命
328,19,SMKCLN1013,2024-02-05 07:50:00.000,2024-02-05 08:00:00.000,其他,CLN DUMMY for 6 pcs,SB_Idle_待命
329,42,IMTDSC1013,2024-02-05 11:51:00.000,2024-02-05 12:51:00.000,其他,,PD_Run_正常生產
330,42,IMTDSC1013,2024-02-05 11:56:00.000,2024-02-05 12:56:00.000,其他,,PD_Run_正常生產
331,42,IMTDSC1013,2024-02-05 13:08:00.000,2024-02-05 14:08:00.000,其他,,PD_Run_正常生產
332,42,IMTDSC1013,2024-02-05 14:11:00.000,2024-02-05 15:11:00.000,其他,,PD_Run_正常生產
333,42,IMTDSC1013,2024-02-05 15:45:00.000,2024-02-05 16:45:00.000,其他,,SB_Idle_待命
334,42,IMTDSC1013,2024-02-05 18:35:00.000,2024-02-05 19:35:00.000,其他,,SB_Idle_待命
335,42,IMTDSC1013,2024-02-06 02:24:00.000,2024-02-06 03:24:00.000,其他,,PD_Run_正常生產
336,42,IMTDSC1013,2024-02-06 05:34:00.000,2024-02-06 06:34:00.000,其他,,SB_Idle_待命
337,42,IMTDSC1013,2024-02-06 06:51:00.000,2024-02-06 07:51:00.000,其他,,SB_Idle_待命
338,36,SMKNOV1033,2024-02-06 09:38:00.000,2024-02-06 10:38:00.000,其他,,SD_PM_計畫保養
339,37,SMKLUV1043,2024-02-06 09:43:00.000,2024-02-06 10:43:00.000,其他,,SB_Idle_待命
340,37,SMKLUV1043,2024-02-06 09:43:00.000,2024-02-06 10:43:00.000,其他,,SB_Idle_待命
341,37,SMKLUV1043,2024-02-06 10:18:00.000,2024-02-06 11:18:00.000,其他,,PD_Run_正常生產
342,37,SMKLUV1043,2024-02-06 11:53:00.000,2024-02-06 12:53:00.000,其他,,PD_Run_正常生產
343,37,SMKLUV1043,2024-02-06 12:24:00.000,2024-02-06 13:24:00.000,其他,,PD_Run_正常生產
344,42,IMTDSC1013,2024-02-06 13:14:00.000,2024-02-06 14:14:00.000,其他,,SD_PM_計畫保養
345,37,SMKLUV1043,2024-02-06 13:15:00.000,2024-02-06 14:15:00.000,其他,,PD_Run_正常生產
346,38,SMKPOS1023,2024-02-06 14:49:00.000,2024-02-06 15:49:00.000,其他,,PD_Run_正常生產
347,30,SMKEXP1053,2024-02-06 14:00:00.000,2024-02-06 14:10:00.000,其他,DUMMY CCD,SB_Idle_待命
348,30,SMKEXP1053,2024-02-06 09:00:00.000,2024-02-06 13:30:00.000,其他,上流機溫度異常,SB_Idle_待命
349,36,SMKNOV1033,2024-02-06 14:58:00.000,2024-02-06 15:58:00.000,其他,,SD_PM_計畫保養
350,38,SMKPOS1023,2024-02-06 15:19:00.000,2024-02-06 16:19:00.000,其他,,PD_Run_正常生產
351,37,SMKLUV1043,2024-02-06 15:21:00.000,2024-02-06 16:21:00.000,其他,,PD_Run_正常生產
352,37,SMKLUV1043,2024-02-06 16:57:00.000,2024-02-06 17:57:00.000,其他,,SB_Idle_待命
353,36,SMKNOV1033,2024-02-06 16:59:00.000,2024-02-06 17:59:00.000,其他,,SD_PM_計畫保養
354,36,SMKNOV1033,2024-02-06 16:59:00.000,2024-02-06 17:59:00.000,其他,,SD_PM_計畫保養
355,36,SMKNOV1033,2024-02-06 17:04:00.000,2024-02-06 18:04:00.000,其他,,SD_PM_計畫保養
356,38,SMKPOS1023,2024-02-06 17:06:00.000,2024-02-06 18:06:00.000,其他,,SB_Idle_待命
357,38,SMKPOS1023,2024-02-06 17:06:00.000,2024-02-06 18:06:00.000,其他,,SB_Idle_待命
358,36,SMKNOV1033,2024-02-06 18:00:00.000,2024-02-06 19:00:00.000,其他,,SD_PM_計畫保養
359,37,SMKLUV1043,2024-02-07 07:12:00.000,2024-02-07 08:12:00.000,其他,,PD_Run_正常生產
360,37,SMKLUV1043,2024-02-07 07:48:00.000,2024-02-07 08:48:00.000,其他,,PD_Run_正常生產
361,37,SMKLUV1043,2024-02-07 09:04:00.000,2024-02-07 10:04:00.000,其他,,PD_Run_正常生產
362,38,SMKPOS1023,2024-02-07 09:20:00.000,2024-02-07 10:20:00.000,其他,,PD_Run_正常生產
363,36,SMKNOV1033,2024-02-07 09:48:00.000,2024-02-07 10:48:00.000,其他,,SD_PM_計畫保養
364,36,SMKNOV1033,2024-02-07 09:48:00.000,2024-02-07 10:48:00.000,其他,,SD_PM_計畫保養
365,22,SMKPTR1043,2024-02-07 10:52:00.000,2024-02-07 11:52:00.000,其他,,PD_Run_正常生產
366,22,SMKPTR1043,2024-02-07 10:57:00.000,2024-02-07 11:57:00.000,其他,,PD_Run_正常生產
367,36,SMKNOV1033,2024-02-07 11:44:00.000,2024-02-07 12:44:00.000,其他,,SD_PM_計畫保養
368,36,SMKNOV1033,2024-02-07 12:30:00.000,2024-02-07 13:30:00.000,其他,,SD_PM_計畫保養
369,37,SMKLUV1043,2024-02-07 12:52:00.000,2024-02-07 13:52:00.000,其他,,PD_Run_正常生產
370,22,SMKPTR1043,2024-02-07 12:58:00.000,2024-02-07 13:58:00.000,其他,,SB_Idle_待命
371,22,SMKPTR1043,2024-02-07 08:53:00.000,2024-02-07 09:53:00.000,其他,,SB_Idle_待命
372,37,SMKLUV1043,2024-02-07 13:58:00.000,2024-02-07 14:58:00.000,其他,,PD_Run_正常生產
373,36,SMKNOV1033,2024-02-07 14:32:00.000,2024-02-07 15:32:00.000,其他,,SD_PM_計畫保養
374,28,SMKEXP2023,2024-02-07 14:20:00.000,2024-02-07 15:50:00.000,其他,,SD_PM_計畫保養
375,37,SMKLUV1043,2024-02-07 15:46:00.000,2024-02-07 16:46:00.000,其他,,PD_Run_正常生產
376,42,IMTDSC1013,2024-02-07 17:06:00.000,2024-02-07 18:06:00.000,其他,,SB_Idle_待命
377,42,IMTDSC1013,2024-02-08 10:04:00.000,2024-02-08 11:04:00.000,其他,,PD_Run_正常生產
378,42,IMTDSC1013,2024-02-08 15:15:00.000,2024-02-08 16:15:00.000,其他,,SB_Idle_待命
379,37,SMKLUV1043,2024-02-10 07:59:00.000,2024-02-10 08:59:00.000,其他,,SB_Idle_待命
380,36,SMKNOV1033,2024-02-10 08:01:00.000,2024-02-10 09:01:00.000,其他,,SD_PM_計畫保養
381,36,SMKNOV1033,2024-02-10 09:33:00.000,2024-02-10 10:33:00.000,其他,,SD_PM_計畫保養
382,36,SMKNOV1033,2024-02-10 11:39:00.000,2024-02-10 12:39:00.000,其他,,SD_PM_計畫保養
383,36,SMKNOV1033,2024-02-10 11:39:00.000,2024-02-10 12:39:00.000,其他,,SD_PM_計畫保養
384,37,SMKLUV1043,2024-02-10 11:54:00.000,2024-02-10 12:54:00.000,其他,,SB_Idle_待命
385,37,SMKLUV1043,2024-02-10 12:20:00.000,2024-02-10 13:20:00.000,其他,,PD_Run_正常生產
386,36,SMKNOV1033,2024-02-10 12:25:00.000,2024-02-10 13:25:00.000,其他,,SD_PM_計畫保養
387,37,SMKLUV1043,2024-02-10 13:05:00.000,2024-02-10 14:05:00.000,其他,,PD_Run_正常生產
388,36,SMKNOV1033,2024-02-10 14:12:00.000,2024-02-10 15:12:00.000,其他,,SD_PM_計畫保養
389,36,SMKNOV1033,2024-02-10 14:12:00.000,2024-02-10 15:12:00.000,其他,,SD_PM_計畫保養
390,36,SMKNOV1033,2024-02-10 14:17:00.000,2024-02-10 15:17:00.000,其他,,SD_PM_計畫保養
391,37,SMKLUV1043,2024-02-10 15:37:00.000,2024-02-10 16:37:00.000,其他,,SB_Idle_待命
392,37,SMKLUV1043,2024-02-10 15:37:00.000,2024-02-10 16:37:00.000,其他,,SB_Idle_待命
393,36,SMKNOV1033,2024-02-10 15:43:00.000,2024-02-10 16:43:00.000,其他,,SD_PM_計畫保養
394,36,SMKNOV1033,2024-02-10 16:29:00.000,2024-02-10 17:29:00.000,其他,,SD_PM_計畫保養
395,37,SMKLUV1043,2024-02-10 16:28:00.000,2024-02-10 17:28:00.000,其他,,PD_Run_正常生產
396,42,IMTDSC1013,2024-02-10 21:44:00.000,2024-02-10 22:44:00.000,其他,,PD_Run_正常生產
397,42,IMTDSC1013,2024-02-10 22:36:00.000,2024-02-10 23:36:00.000,其他,,SB_Idle_待命
398,42,IMTDSC1013,2024-02-10 22:36:00.000,2024-02-10 23:36:00.000,其他,,SB_Idle_待命
399,37,SMKLUV1043,2024-02-11 09:45:00.000,2024-02-11 10:45:00.000,其他,,PD_Run_正常生產
400,36,SMKNOV1033,2024-02-11 09:42:00.000,2024-02-11 10:42:00.000,其他,,SD_PM_計畫保養
401,37,SMKLUV1043,2024-02-11 10:21:00.000,2024-02-11 11:21:00.000,其他,,SB_Idle_待命
402,42,IMTDSC1013,2024-02-11 10:28:00.000,2024-02-11 11:28:00.000,其他,,PD_Run_正常生產
403,42,IMTDSC1013,2024-02-11 10:28:00.000,2024-02-11 11:28:00.000,其他,,PD_Run_正常生產
404,29,SMKEXP2043,2024-02-11 07:40:00.000,2024-02-11 07:50:00.000,其他,SRFK DUMMY (230MJ),SB_Idle_待命
405,29,SMKEXP2043,2024-02-11 07:50:00.000,2024-02-11 08:10:00.000,其他,41-STEP (SRFK),SB_Idle_待命
406,29,SMKEXP2043,2024-02-11 08:10:00.000,2024-02-11 08:30:00.000,其他,保養,SB_Idle_待命
407,36,SMKNOV1033,2024-02-11 14:11:00.000,2024-02-11 15:11:00.000,其他,,SD_PM_計畫保養
408,42,IMTDSC1013,2024-02-11 14:35:00.000,2024-02-11 15:35:00.000,其他,,SB_Idle_待命
409,19,SMKCLN1013,2024-02-11 10:25:00.000,2024-02-11 10:35:00.000,其他,CLN DUMMY for 6 pcs,SB_Idle_待命
410,38,SMKPOS1023,2024-02-11 15:59:00.000,2024-02-11 16:59:00.000,其他,,PD_Run_正常生產
411,36,SMKNOV1033,2024-02-11 16:02:00.000,2024-02-11 17:02:00.000,其他,,SD_PM_計畫保養
412,38,SMKPOS1023,2024-02-11 16:04:00.000,2024-02-11 17:04:00.000,其他,,PD_Run_正常生產
413,36,SMKNOV1033,2024-02-11 16:22:00.000,2024-02-11 17:22:00.000,其他,,SD_PM_計畫保養
414,36,SMKNOV1033,2024-02-11 16:22:00.000,2024-02-11 17:22:00.000,其他,,SD_PM_計畫保養
415,36,SMKNOV1033,2024-02-11 16:32:00.000,2024-02-11 17:32:00.000,其他,,SD_PM_計畫保養
416,19,SMKCLN1013,2024-02-11 07:20:00.000,2024-02-11 10:00:00.000,其他,CLEANLINE  NG--冰水管路漏水,SB_Idle_待命
417,42,IMTDSC1013,2024-02-12 02:14:00.000,2024-02-12 03:14:00.000,其他,,PD_Run_正常生產
418,42,IMTDSC1013,2024-02-12 06:38:00.000,2024-02-12 07:38:00.000,其他,,SB_Idle_待命
419,37,SMKLUV1043,2024-02-12 07:09:00.000,2024-02-12 08:09:00.000,其他,,SB_Idle_待命
420,38,SMKPOS1023,2024-02-12 08:30:00.000,2024-02-12 09:30:00.000,其他,,SB_Idle_待命
421,36,SMKNOV1033,2024-02-12 08:31:00.000,2024-02-12 09:31:00.000,其他,,SD_PM_計畫保養
422,37,SMKLUV1043,2024-02-12 08:29:00.000,2024-02-12 09:29:00.000,其他,,PD_Run_正常生產
423,36,SMKNOV1033,2024-02-12 08:41:00.000,2024-02-12 09:41:00.000,其他,,SD_PM_計畫保養
424,36,SMKNOV1033,2024-02-12 08:46:00.000,2024-02-12 09:46:00.000,其他,,SD_PM_計畫保養
425,27,SMKVPF1033,2024-02-12 08:50:00.000,2024-02-12 09:00:00.000,Dummy,,SB_Idle_待命
426,36,SMKNOV1033,2024-02-12 10:06:00.000,2024-02-12 11:06:00.000,其他,,SD_PM_計畫保養
427,36,SMKNOV1033,2024-02-12 10:06:00.000,2024-02-12 11:06:00.000,其他,,SD_PM_計畫保養
428,37,SMKLUV1043,2024-02-12 10:10:00.000,2024-02-12 11:10:00.000,其他,,PD_Run_正常生產
429,36,SMKNOV1033,2024-02-12 10:39:00.000,2024-02-12 11:39:00.000,其他,,SD_PM_計畫保養
430,36,SMKNOV1033,2024-02-12 10:39:00.000,2024-02-12 11:39:00.000,其他,,SD_PM_計畫保養
431,42,IMTDSC1013,2024-02-12 12:20:00.000,2024-02-12 13:20:00.000,其他,,PD_Run_正常生產
432,42,IMTDSC1013,2024-02-12 12:55:00.000,2024-02-12 13:55:00.000,其他,,SB_Idle_待命
433,36,SMKNOV1033,2024-02-12 13:54:00.000,2024-02-12 14:54:00.000,其他,,SD_PM_計畫保養
434,36,SMKNOV1033,2024-02-12 13:59:00.000,2024-02-12 14:59:00.000,其他,,SD_PM_計畫保養
435,38,SMKPOS1023,2024-02-12 15:07:00.000,2024-02-12 16:07:00.000,其他,,SB_Idle_待命
436,36,SMKNOV1033,2024-02-12 16:21:00.000,2024-02-12 17:21:00.000,其他,,SD_PM_計畫保養
437,37,SMKLUV1043,2024-02-12 16:24:00.000,2024-02-12 17:24:00.000,其他,,PD_Run_正常生產
438,36,SMKNOV1033,2024-02-12 16:36:00.000,2024-02-12 17:36:00.000,其他,,SD_PM_計畫保養
439,37,SMKLUV1043,2024-02-13 07:14:00.000,2024-02-13 08:14:00.000,其他,,PD_Run_正常生產
440,37,SMKLUV1043,2024-02-13 12:13:00.000,2024-02-13 13:13:00.000,其他,,SB_Idle_待命
441,42,IMTDSC1013,2024-02-13 12:47:00.000,2024-02-13 13:47:00.000,其他,,SB_Idle_待命
442,37,SMKLUV1043,2024-02-13 14:14:00.000,2024-02-13 15:14:00.000,其他,,SB_Idle_待命
443,36,SMKNOV1033,2024-02-13 14:16:00.000,2024-02-13 15:16:00.000,其他,,SD_PM_計畫保養
444,36,SMKNOV1033,2024-02-13 14:47:00.000,2024-02-13 15:47:00.000,其他,,SD_PM_計畫保養
445,42,IMTDSC1013,2024-02-13 14:58:00.000,2024-02-13 15:58:00.000,其他,,PD_Run_正常生產
446,42,IMTDSC1013,2024-02-13 14:58:00.000,2024-02-13 15:58:00.000,其他,,PD_Run_正常生產
447,42,IMTDSC1013,2024-02-13 17:22:00.000,2024-02-13 18:22:00.000,其他,,PD_Run_正常生產
448,42,IMTDSC1013,2024-02-13 17:22:00.000,2024-02-13 18:22:00.000,其他,,PD_Run_正常生產
449,37,SMKLUV1043,2024-02-13 17:32:00.000,2024-02-13 18:32:00.000,其他,,PD_Run_正常生產
450,36,SMKNOV1033,2024-02-13 17:52:00.000,2024-02-13 18:52:00.000,其他,,SD_PM_計畫保養
451,36,SMKNOV1033,2024-02-13 17:52:00.000,2024-02-13 18:52:00.000,其他,,SD_PM_計畫保養
452,36,SMKNOV1033,2024-02-13 17:57:00.000,2024-02-13 18:57:00.000,其他,,SD_PM_計畫保養
453,36,SMKNOV1033,2024-02-13 17:57:00.000,2024-02-13 18:57:00.000,其他,,SD_PM_計畫保養
454,42,IMTDSC1013,2024-02-13 17:58:00.000,2024-02-13 18:58:00.000,其他,,SB_Idle_待命
455,37,SMKLUV1043,2024-02-14 09:08:00.000,2024-02-14 10:08:00.000,其他,,PD_Run_正常生產
456,42,IMTDSC1013,2024-02-14 17:45:00.000,2024-02-14 18:45:00.000,其他,,SB_Idle_待命
457,39,IMTPRE1033,2024-02-15 20:10:00.000,2024-02-15 21:10:00.000,其他,,PD_Run_正常生產
458,39,IMTPRE1033,2024-02-15 20:20:00.000,2024-02-15 21:20:00.000,其他,,PD_Run_正常生產
459,39,IMTPRE1033,2024-02-15 21:36:00.000,2024-02-15 22:36:00.000,其他,,PD_Run_正常生產
460,39,IMTPRE1033,2024-02-15 21:56:00.000,2024-02-15 22:56:00.000,其他,,PD_Run_正常生產
461,39,IMTPRE1033,2024-02-15 22:01:00.000,2024-02-15 23:01:00.000,其他,,PD_Run_正常生產
462,39,IMTPRE1033,2024-02-15 22:12:00.000,2024-02-15 23:12:00.000,其他,,PD_Run_正常生產
463,39,IMTPRE1033,2024-02-15 22:17:00.000,2024-02-15 23:17:00.000,其他,,PD_Run_正常生產
464,39,IMTPRE1033,2024-02-15 22:17:00.000,2024-02-15 23:17:00.000,其他,,PD_Run_正常生產
465,39,IMTPRE1033,2024-02-15 22:17:00.000,2024-02-15 23:17:00.000,其他,,PD_Run_正常生產
466,39,IMTPRE1033,2024-02-16 00:33:00.000,2024-02-16 01:33:00.000,其他,,PD_Run_正常生產
467,39,IMTPRE1033,2024-02-16 00:49:00.000,2024-02-16 01:49:00.000,其他,,PD_Run_正常生產
468,39,IMTPRE1033,2024-02-16 00:54:00.000,2024-02-16 01:54:00.000,其他,,PD_Run_正常生產
469,39,IMTPRE1033,2024-02-16 01:04:00.000,2024-02-16 02:04:00.000,其他,,PD_Run_正常生產
470,39,IMTPRE1033,2024-02-16 01:09:00.000,2024-02-16 02:09:00.000,其他,,PD_Run_正常生產
471,39,IMTPRE1033,2024-02-16 01:09:00.000,2024-02-16 02:09:00.000,其他,,PD_Run_正常生產
472,39,IMTPRE1033,2024-02-16 05:00:00.000,2024-02-16 06:00:00.000,其他,,SB_Idle_待命
473,37,SMKLUV1043,2024-02-16 09:17:00.000,2024-02-16 10:17:00.000,其他,,PD_Run_正常生產
474,36,SMKNOV1033,2024-02-16 09:17:00.000,2024-02-16 10:17:00.000,其他,,SD_PM_計畫保養
475,38,SMKPOS1023,2024-02-16 09:17:00.000,2024-02-16 10:17:00.000,其他,,PD_Run_正常生產
476,42,IMTDSC1013,2024-02-16 09:53:00.000,2024-02-16 10:53:00.000,其他,,PD_Run_正常生產
477,37,SMKLUV1043,2024-02-16 10:03:00.000,2024-02-16 11:03:00.000,其他,,PD_Run_正常生產
478,42,IMTDSC1013,2024-02-16 11:40:00.000,2024-02-16 12:40:00.000,其他,,SB_Idle_待命
479,19,SMKCLN1013,2024-02-16 07:50:00.000,2024-02-16 08:00:00.000,其他,CLN DUMMY for 6 pcs,SB_Idle_待命
480,42,IMTDSC1013,2024-02-16 12:06:00.000,2024-02-16 13:06:00.000,其他,,SB_Idle_待命
481,36,SMKNOV1033,2024-02-16 12:35:00.000,2024-02-16 13:35:00.000,其他,,SD_PM_計畫保養
482,37,SMKLUV1043,2024-02-16 12:35:00.000,2024-02-16 13:35:00.000,其他,,PD_Run_正常生產
483,38,SMKPOS1023,2024-02-16 12:34:00.000,2024-02-16 13:34:00.000,其他,,SB_Idle_待命
484,37,SMKLUV1043,2024-02-16 13:01:00.000,2024-02-16 14:01:00.000,其他,,PD_Run_正常生產
485,42,IMTDSC1013,2024-02-16 13:12:00.000,2024-02-16 14:12:00.000,其他,,SB_Idle_待命
486,30,SMKEXP1053,2024-02-16 09:00:00.000,2024-02-16 09:30:00.000,其他,保養,PD_Run_正常生產
487,42,IMTDSC1013,2024-02-16 14:29:00.000,2024-02-16 15:29:00.000,其他,,PD_Run_正常生產
488,37,SMKLUV1043,2024-02-16 14:56:00.000,2024-02-16 15:56:00.000,其他,,PD_Run_正常生產
489,36,SMKNOV1033,2024-02-16 14:57:00.000,2024-02-16 15:57:00.000,其他,,SD_PM_計畫保養
490,38,SMKPOS1023,2024-02-16 16:37:00.000,2024-02-16 17:37:00.000,其他,,PD_Run_正常生產
491,36,SMKNOV1033,2024-02-17 07:33:00.000,2024-02-17 08:33:00.000,其他,,SD_PM_計畫保養
492,42,IMTDSC1013,2024-02-17 09:17:00.000,2024-02-17 10:17:00.000,其他,,PD_Run_正常生產
493,37,SMKLUV1043,2024-02-17 09:32:00.000,2024-02-17 10:32:00.000,其他,,SB_Idle_待命
494,37,SMKLUV1043,2024-02-17 09:32:00.000,2024-02-17 10:32:00.000,其他,,SB_Idle_待命
495,37,SMKLUV1043,2024-02-17 09:42:00.000,2024-02-17 10:42:00.000,其他,,SB_Idle_待命
496,36,SMKNOV1033,2024-02-17 09:50:00.000,2024-02-17 10:50:00.000,其他,,SD_PM_計畫保養
497,42,IMTDSC1013,2024-02-17 09:49:00.000,2024-02-17 10:49:00.000,其他,,PD_Run_正常生產
498,36,SMKNOV1033,2024-02-17 10:15:00.000,2024-02-17 11:15:00.000,其他,,SD_PM_計畫保養
499,36,SMKNOV1033,2024-02-17 10:15:00.000,2024-02-17 11:15:00.000,其他,,SD_PM_計畫保養
500,42,IMTDSC1013,2024-02-17 12:25:00.000,2024-02-17 13:25:00.000,其他,,PD_Run_正常生產
501,19,SMKCLN1013,2024-02-17 08:00:00.000,2024-02-17 08:10:00.000,其他,CLN DUMMY for 6 pcs,PD_Run_正常生產
502,37,SMKLUV1043,2024-02-17 16:32:00.000,2024-02-17 17:32:00.000,其他,,PD_Run_正常生產
503,38,SMKPOS1023,2024-02-17 16:33:00.000,2024-02-17 17:33:00.000,其他,,PD_Run_正常生產
504,36,SMKNOV1033,2024-02-17 16:32:00.000,2024-02-17 17:32:00.000,其他,,SD_PM_計畫保養
505,38,SMKPOS1023,2024-02-17 16:33:00.000,2024-02-17 17:33:00.000,其他,,PD_Run_正常生產
506,37,SMKLUV1043,2024-02-17 16:37:00.000,2024-02-17 17:37:00.000,其他,,PD_Run_正常生產
507,37,SMKLUV1043,2024-02-18 07:43:00.000,2024-02-18 08:43:00.000,其他,,PD_Run_正常生產
508,37,SMKLUV1043,2024-02-18 07:43:00.000,2024-02-18 08:43:00.000,其他,,PD_Run_正常生產
509,42,IMTDSC1013,2024-02-18 08:23:00.000,2024-02-18 09:23:00.000,其他,,PD_Run_正常生產
510,42,IMTDSC1013,2024-02-18 08:28:00.000,2024-02-18 09:28:00.000,其他,,PD_Run_正常生產
511,42,IMTDSC1013,2024-02-18 09:34:00.000,2024-02-18 10:34:00.000,其他,,SB_Idle_待命
512,28,SMKEXP2023,2024-02-18 08:00:00.000,2024-02-18 08:30:00.000,其他,保養,PD_Run_正常生產
513,42,IMTDSC1013,2024-02-18 11:46:00.000,2024-02-18 12:46:00.000,其他,,SB_Idle_待命
514,42,IMTDSC1013,2024-02-18 12:11:00.000,2024-02-18 13:11:00.000,其他,,SB_Idle_待命
515,42,IMTDSC1013,2024-02-18 14:13:00.000,2024-02-18 15:13:00.000,其他,,PD_Run_正常生產
516,30,SMKEXP1053,2024-02-18 07:30:00.000,2024-02-18 07:50:00.000,其他,保養,SB_Idle_待命
517,37,SMKLUV1043,2024-02-18 17:16:00.000,2024-02-18 18:16:00.000,其他,,SB_Idle_待命
518,36,SMKNOV1033,2024-02-18 17:18:00.000,2024-02-18 18:18:00.000,其他,,SD_PM_計畫保養
519,36,SMKNOV1033,2024-02-18 17:18:00.000,2024-02-18 18:18:00.000,其他,,SD_PM_計畫保養
520,36,SMKNOV1033,2024-02-18 17:18:00.000,2024-02-18 18:18:00.000,其他,,SD_PM_計畫保養
521,36,SMKNOV1033,2024-02-18 17:23:00.000,2024-02-18 18:23:00.000,其他,,SD_PM_計畫保養
522,38,SMKPOS1023,2024-02-18 17:24:00.000,2024-02-18 18:24:00.000,其他,,SB_Idle_待命
523,38,SMKPOS1023,2024-02-18 17:24:00.000,2024-02-18 18:24:00.000,其他,,SB_Idle_待命
524,42,IMTDSC1013,2024-02-19 07:43:00.000,2024-02-19 08:43:00.000,其他,,SB_Idle_待命
525,42,IMTDSC1013,2024-02-19 08:14:00.000,2024-02-19 09:14:00.000,其他,,PD_Run_正常生產
526,30,SMKEXP1053,2024-02-19 08:00:00.000,2024-02-19 08:20:00.000,其他,保養,SB_Idle_待命
527,30,SMKEXP1053,2024-02-19 08:00:00.000,2024-02-19 09:30:00.000,其他,CHANGE CHIP UV,SB_Idle_待命
528,30,SMKEXP1053,2024-02-19 09:30:00.000,2024-02-19 11:00:00.000,其他,UV9,SB_Idle_待命
529,42,IMTDSC1013,2024-02-19 10:10:00.000,2024-02-19 11:10:00.000,其他,,PD_Run_正常生產
530,42,IMTDSC1013,2024-02-19 11:47:00.000,2024-02-19 12:47:00.000,其他,,PD_Run_正常生產
531,28,SMKEXP2023,2024-02-19 08:50:00.000,2024-02-19 09:20:00.000,其他,DUMMY 2 PCS,PD_Run_正常生產
532,28,SMKEXP2023,2024-02-19 08:30:00.000,2024-02-19 08:50:00.000,其他,"AUTO ALIGNMENT ",PD_Run_正常生產
533,42,IMTDSC1013,2024-02-19 12:48:00.000,2024-02-19 13:48:00.000,其他,,SB_Idle_待命
534,42,IMTDSC1013,2024-02-19 12:48:00.000,2024-02-19 13:48:00.000,其他,,SB_Idle_待命
535,42,IMTDSC1013,2024-02-19 15:40:00.000,2024-02-19 16:40:00.000,其他,,SB_Idle_待命
536,42,IMTDSC1013,2024-02-20 13:12:00.000,2024-02-20 14:12:00.000,其他,,SD_PM_計畫保養
537,37,SMKLUV1043,2024-02-20 17:44:00.000,2024-02-20 18:44:00.000,其他,,PD_Run_正常生產
538,36,SMKNOV1033,2024-02-20 21:54:00.000,2024-02-20 22:54:00.000,其他,,SD_PM_計畫保養
539,36,SMKNOV1033,2024-02-21 02:54:00.000,2024-02-21 03:54:00.000,其他,,SD_PM_計畫保養
540,37,SMKLUV1043,2024-02-21 09:26:00.000,2024-02-21 10:26:00.000,其他,,SB_Idle_待命
541,36,SMKNOV1033,2024-02-21 11:41:00.000,2024-02-21 12:41:00.000,其他,,SD_PM_計畫保養
542,36,SMKNOV1033,2024-02-21 11:54:00.000,2024-02-21 12:54:00.000,其他,,SD_PM_計畫保養
543,36,SMKNOV1033,2024-02-21 12:01:00.000,2024-02-21 13:01:00.000,其他,,SD_PM_計畫保養
544,37,SMKLUV1043,2024-02-21 12:09:00.000,2024-02-21 13:09:00.000,其他,,PD_Run_正常生產
545,27,SMKVPF1033,2024-02-21 14:38:00.000,2024-02-21 15:38:00.000,其他,,PD_Run_正常生產
546,27,SMKVPF1033,2024-02-21 14:38:00.000,2024-02-21 15:38:00.000,其他,,PD_Run_正常生產
547,27,SMKVPF1033,2024-02-21 15:54:00.000,2024-02-21 16:54:00.000,其他,,PD_Run_正常生產
548,27,SMKVPF1033,2024-02-21 15:54:00.000,2024-02-21 16:54:00.000,其他,,PD_Run_正常生產
549,27,SMKVPF1033,2024-02-21 15:54:00.000,2024-02-21 16:54:00.000,其他,,PD_Run_正常生產
550,27,SMKVPF1033,2024-02-21 15:54:00.000,2024-02-21 16:54:00.000,其他,,PD_Run_正常生產
551,39,IMTPRE1033,2024-02-21 20:17:00.000,2024-02-21 21:17:00.000,其他,,PD_Run_正常生產
552,39,IMTPRE1033,2024-02-21 22:25:00.000,2024-02-21 23:25:00.000,其他,,PD_Run_正常生產
553,39,IMTPRE1033,2024-02-22 00:57:00.000,2024-02-22 01:57:00.000,其他,,PD_Run_正常生產
554,39,IMTPRE1033,2024-02-22 01:13:00.000,2024-02-22 02:13:00.000,其他,,PD_Run_正常生產
555,24,SMKLAM1023,2024-02-20 05:41:00.000,2024-02-21 06:41:00.000,其他,,SB_Idle_待命
556,19,SMKCLN1013,2024-02-22 07:33:00.000,2024-02-22 08:33:00.000,其他,CLN DUMMY for 6 pcs,SB_Idle_待命
557,42,IMTDSC1013,2024-02-22 07:50:00.000,2024-02-22 08:50:00.000,其他,,PD_Run_正常生產
558,42,IMTDSC1013,2024-02-22 11:35:00.000,2024-02-22 12:35:00.000,其他,,PD_Run_正常生產
559,45,RUTCCD1013,2024-02-22 12:28:00.000,2024-02-22 13:28:00.000,其他,,PD_Run_正常生產
560,27,SMKVPF1033,2024-02-22 12:37:00.000,2024-02-22 13:37:00.000,其他,,PD_Run_正常生產
561,45,RUTCCD1013,2024-02-22 13:13:00.000,2024-02-22 14:13:00.000,其他,,PD_Run_正常生產
562,42,IMTDSC1013,2024-02-22 13:17:00.000,2024-02-22 14:17:00.000,其他,,SB_Idle_待命
563,45,RUTCCD1013,2024-02-22 14:44:00.000,2024-02-22 15:44:00.000,其他,,PD_Run_正常生產
564,45,RUTCCD1013,2024-02-22 14:44:00.000,2024-02-22 15:44:00.000,其他,,PD_Run_正常生產
565,36,SMKNOV1033,2024-02-22 15:13:00.000,2024-02-22 16:13:00.000,其他,,SD_PM_計畫保養
566,45,RUTCCD1013,2024-02-22 17:07:00.000,2024-02-22 18:07:00.000,其他,,PD_Run_正常生產
567,45,RUTCCD1013,2024-02-22 21:11:00.000,2024-02-22 22:11:00.000,其他,,SB_Idle_待命
568,19,SMKCLN1013,2024-02-23 08:00:00.000,2024-02-23 08:10:00.000,其他,CLN DUMMY for 6 pcs,SB_Idle_待命
569,42,IMTDSC1013,2024-02-23 09:35:00.000,2024-02-23 10:35:00.000,其他,,SB_Idle_待命
570,42,IMTDSC1013,2024-02-23 10:31:00.000,2024-02-23 11:31:00.000,其他,,PD_Run_正常生產
571,42,IMTDSC1013,2024-02-23 11:40:00.000,2024-02-23 12:40:00.000,其他,,SB_Idle_待命
572,27,SMKVPF1023,2024-02-23 12:31:00.000,2024-02-23 13:31:00.000,其他,,NS_Off_長期關線
573,27,SMKVPF1033,2024-02-23 12:31:00.000,2024-02-23 13:31:00.000,其他,,SB_Idle_待命
574,19,SMKCLN1013,2024-02-23 08:00:00.000,2024-02-23 08:10:00.000,其他,CLN DUMMY for 6 pcs,PD_Run_正常生產
575,42,IMTDSC1013,2024-02-23 12:56:00.000,2024-02-23 13:56:00.000,其他,,PD_Run_正常生產
576,32,SMKEXC1023,2024-02-15 13:03:00.000,2024-02-23 14:03:00.000,其他,,SB_Idle_待命
577,38,SMKPOS1033,2024-02-23 15:01:00.000,2024-02-23 16:01:00.000,其他,,SB_Idle_待命
578,38,SMKPOS1033,2024-02-23 15:01:00.000,2024-02-23 16:01:00.000,其他,,SB_Idle_待命
579,36,SMKNOV1043,2024-02-23 16:15:00.000,2024-02-23 17:15:00.000,其他,,PD_Run_正常生產
580,29,SMKEXP2043,2024-02-23 19:35:00.000,2024-02-23 19:55:00.000,其他,班保養,PD_Run_正常生產
581,38,SMKPOS1023,2024-02-24 07:24:00.000,2024-02-24 08:24:00.000,其他,,PD_Run_正常生產
582,42,IMTDSC1013,2024-02-24 07:22:00.000,2024-02-24 08:22:00.000,其他,,SB_Idle_待命
583,42,IMTDSC1013,2024-02-24 07:22:00.000,2024-02-24 08:22:00.000,其他,,SB_Idle_待命
584,42,IMTDSC1013,2024-02-24 09:09:00.000,2024-02-24 10:09:00.000,其他,,PD_Run_正常生產
585,37,SMKLUV1043,2024-02-24 09:37:00.000,2024-02-24 10:37:00.000,其他,,PD_Run_正常生產
586,37,SMKLUV1043,2024-02-24 09:37:00.000,2024-02-24 10:37:00.000,其他,,PD_Run_正常生產
587,42,IMTDSC1013,2024-02-24 09:44:00.000,2024-02-24 10:44:00.000,其他,,PD_Run_正常生產
588,42,IMTDSC1013,2024-02-24 10:04:00.000,2024-02-24 11:04:00.000,其他,,PD_Run_正常生產
589,42,IMTDSC1013,2024-02-24 10:09:00.000,2024-02-24 11:09:00.000,其他,,PD_Run_正常生產
590,42,IMTDSC1013,2024-02-24 10:15:00.000,2024-02-24 11:15:00.000,其他,,SB_Idle_待命
591,19,SMKCLN1013,2024-02-24 08:00:00.000,2024-02-24 08:05:00.000,其他,CLN RUN DUMMY 6PNL,SB_Idle_待命
592,42,IMTDSC1013,2024-02-24 11:57:00.000,2024-02-24 12:57:00.000,其他,,PD_Run_正常生產
593,38,SMKPOS1023,2024-02-24 11:59:00.000,2024-02-24 12:59:00.000,其他,,PD_Run_正常生產
594,37,SMKLUV1043,2024-02-24 12:33:00.000,2024-02-24 13:33:00.000,其他,,PD_Run_正常生產
595,42,IMTDSC1013,2024-02-24 12:38:00.000,2024-02-24 13:38:00.000,其他,,PD_Run_正常生產
596,36,SMKNOV1033,2024-02-24 12:40:00.000,2024-02-24 13:40:00.000,其他,,SD_PM_計畫保養
597,42,IMTDSC1013,2024-02-24 13:08:00.000,2024-02-24 14:08:00.000,其他,,PD_Run_正常生產
598,42,IMTDSC1013,2024-02-24 14:24:00.000,2024-02-24 15:24:00.000,其他,,SB_Idle_待命
599,36,SMKNOV1033,2024-02-24 14:25:00.000,2024-02-24 15:25:00.000,其他,,SD_PM_計畫保養
600,37,SMKLUV1043,2024-02-24 15:27:00.000,2024-02-24 16:27:00.000,其他,,SB_Idle_待命
601,19,SMKCLN1013,2024-02-25 07:50:00.000,2024-02-25 08:00:00.000,其他,CLN 6PCS DUMMY,SB_Idle_待命
602,38,SMKPOS1023,2024-02-25 07:44:00.000,2024-02-25 08:44:00.000,其他,,PD_Run_正常生產
603,37,SMKLUV1043,2024-02-25 07:49:00.000,2024-02-25 08:49:00.000,其他,,PD_Run_正常生產
604,38,SMKPOS1023,2024-02-25 08:14:00.000,2024-02-25 09:14:00.000,其他,,PD_Run_正常生產
605,42,IMTDSC1013,2024-02-25 09:31:00.000,2024-02-25 10:31:00.000,其他,,PD_Run_正常生產
606,38,SMKPOS1023,2024-02-25 09:54:00.000,2024-02-25 10:54:00.000,其他,,PD_Run_正常生產
607,37,SMKLUV1043,2024-02-25 10:05:00.000,2024-02-25 11:05:00.000,其他,,PD_Run_正常生產
608,36,SMKNOV1033,2024-02-25 10:05:00.000,2024-02-25 11:05:00.000,其他,,SD_PM_計畫保養
609,42,IMTDSC1013,2024-02-25 10:22:00.000,2024-02-25 11:22:00.000,其他,,PD_Run_正常生產
610,38,SMKPOS1023,2024-02-25 11:50:00.000,2024-02-25 12:50:00.000,其他,,SB_Idle_待命
611,42,IMTDSC1013,2024-02-25 12:23:00.000,2024-02-25 13:23:00.000,其他,,PD_Run_正常生產
612,36,SMKNOV1033,2024-02-25 12:32:00.000,2024-02-25 13:32:00.000,其他,,SD_PM_計畫保養
613,42,IMTDSC1013,2024-02-25 12:49:00.000,2024-02-25 13:49:00.000,其他,,PD_Run_正常生產
614,42,IMTDSC1013,2024-02-25 13:14:00.000,2024-02-25 14:14:00.000,其他,,PD_Run_正常生產
615,42,IMTDSC1013,2024-02-25 14:15:00.000,2024-02-25 15:15:00.000,其他,,PD_Run_正常生產
616,37,SMKLUV1043,2024-02-25 14:56:00.000,2024-02-25 15:56:00.000,其他,,SB_Idle_待命
617,37,SMKLUV1043,2024-02-25 15:38:00.000,2024-02-25 16:38:00.000,其他,,PD_Run_正常生產
618,42,IMTDSC1013,2024-02-25 15:37:00.000,2024-02-25 16:37:00.000,其他,,SB_Idle_待命
619,32,SMKEXC1033,2024-02-26 06:49:00.000,2024-02-26 07:49:00.000,其他,,SB_Idle_待命
620,32,SMKEXC1033,2024-02-26 06:49:00.000,2024-02-26 07:49:00.000,其他,,SB_Idle_待命
621,32,SMKEXC1033,2024-02-26 13:02:00.000,2024-02-26 14:02:00.000,其他,,SB_Idle_待命
622,42,IMTDSC1013,2024-02-26 14:49:00.000,2024-02-26 15:49:00.000,其他,,PD_Run_正常生產
623,42,IMTDSC1013,2024-02-26 18:03:00.000,2024-02-26 19:03:00.000,其他,,SB_Idle_待命
624,24,SMKLAM1023,2024-02-26 19:28:00.000,2024-02-26 20:28:00.000,其他,,SB_Idle_待命
625,19,SMKCLN1013,2024-02-27 08:05:00.000,2024-02-27 08:13:00.000,其他,CLN 6PCS DUMMY,SB_Idle_待命
626,36,SMKNOV1033,2024-02-27 07:37:00.000,2024-02-27 08:37:00.000,其他,,SD_PM_計畫保養
627,37,SMKLUV1043,2024-02-27 09:34:00.000,2024-02-27 10:34:00.000,其他,,SB_Idle_待命
628,36,SMKNOV1033,2024-02-27 12:14:00.000,2024-02-27 13:14:00.000,其他,,SD_PM_計畫保養
629,36,SMKNOV1033,2024-02-27 12:14:00.000,2024-02-27 13:14:00.000,其他,,SD_PM_計畫保養
630,38,SMKPOS1023,2024-02-27 12:29:00.000,2024-02-27 13:29:00.000,其他,,SB_Idle_待命
631,37,SMKLUV1043,2024-02-27 15:46:00.000,2024-02-27 16:46:00.000,其他,,SB_Idle_待命
632,39,IMTPRE1033,2024-02-27 22:16:00.000,2024-02-27 23:16:00.000,其他,,PD_Run_正常生產
633,39,IMTPRE1033,2024-02-27 22:16:00.000,2024-02-27 23:16:00.000,其他,,PD_Run_正常生產
634,39,IMTPRE1033,2024-02-27 22:16:00.000,2024-02-27 23:16:00.000,其他,,PD_Run_正常生產
635,39,IMTPRE1033,2024-02-28 00:47:00.000,2024-02-28 01:47:00.000,其他,,PD_Run_正常生產
636,39,IMTPRE1033,2024-02-28 01:18:00.000,2024-02-28 02:18:00.000,其他,,PD_Run_正常生產
637,39,IMTPRE1033,2024-02-28 01:38:00.000,2024-02-28 02:38:00.000,其他,,PD_Run_正常生產
638,39,IMTPRE1033,2024-02-28 03:02:00.000,2024-02-28 04:02:00.000,其他,,PD_Run_正常生產
639,39,IMTPRE1033,2024-02-28 04:40:00.000,2024-02-28 05:40:00.000,其他,,PD_Run_正常生產
640,39,IMTPRE1033,2024-02-28 04:40:00.000,2024-02-28 05:40:00.000,其他,,PD_Run_正常生產
641,39,IMTPRE1033,2024-02-28 04:50:00.000,2024-02-28 05:50:00.000,其他,,PD_Run_正常生產
642,37,SMKLUV1043,2024-02-28 08:02:00.000,2024-02-28 09:02:00.000,其他,,PD_Run_正常生產
643,36,SMKNOV1033,2024-02-28 09:09:00.000,2024-02-28 10:09:00.000,其他,,SD_PM_計畫保養
644,19,SMKCLN1013,2024-02-28 08:00:00.000,2024-02-28 08:10:00.000,其他,CLN DUMMY for 6 pcs,SB_Idle_待命
645,42,IMTDSC1013,2024-02-28 12:07:00.000,2024-02-28 13:07:00.000,其他,,SB_Idle_待命
646,42,IMTDSC1013,2024-02-28 12:48:00.000,2024-02-28 13:48:00.000,其他,,PD_Run_正常生產
647,36,SMKNOV1033,2024-02-28 13:03:00.000,2024-02-28 14:03:00.000,其他,,SD_PM_計畫保養
648,36,SMKNOV1033,2024-02-28 13:18:00.000,2024-02-28 14:18:00.000,其他,,SD_PM_計畫保養
649,36,SMKNOV1033,2024-02-28 14:08:00.000,2024-02-28 15:08:00.000,其他,,SD_PM_計畫保養
650,42,IMTDSC1013,2024-02-28 14:40:00.000,2024-02-28 15:40:00.000,其他,,SB_Idle_待命
651,37,SMKLUV1043,2024-02-28 15:14:00.000,2024-02-28 16:14:00.000,其他,,SB_Idle_待命
652,36,SMKNOV1033,2024-02-28 16:25:00.000,2024-02-28 17:25:00.000,其他,,SD_PM_計畫保養
653,36,SMKNOV1033,2024-02-28 16:45:00.000,2024-02-28 17:45:00.000,其他,,SD_PM_計畫保養
654,19,SMKCLN1013,2024-02-29 07:50:00.000,2024-02-29 08:00:00.000,其他,CLN DUMMY for 6pcs,PD_Run_正常生產
655,42,IMTDSC1013,2024-02-29 09:18:00.000,2024-02-29 10:18:00.000,其他,,SB_Idle_待命
656,38,SMKPOS1023,2024-02-29 10:15:00.000,2024-02-29 11:15:00.000,其他,,SB_Idle_待命
657,42,IMTDSC1013,2024-02-29 11:35:00.000,2024-02-29 12:35:00.000,其他,,PD_Run_正常生產
658,42,IMTDSC1013,2024-02-29 12:11:00.000,2024-02-29 13:11:00.000,其他,,SB_Idle_待命
659,42,IMTDSC1013,2024-02-29 13:07:00.000,2024-02-29 14:07:00.000,其他,,PD_Run_正常生產
660,42,IMTDSC1013,2024-02-29 13:17:00.000,2024-02-29 14:17:00.000,其他,,PD_Run_正常生產
661,42,IMTDSC1013,2024-02-29 14:29:00.000,2024-02-29 15:29:00.000,其他,,PD_Run_正常生產
662,42,IMTDSC1013,2024-02-29 14:49:00.000,2024-02-29 15:49:00.000,其他,,PD_Run_正常生產
663,32,SMKEXC1033,2024-02-29 15:29:00.000,2024-02-29 16:29:00.000,其他,,PD_Run_正常生產
664,32,SMKEXC1033,2024-02-29 15:29:00.000,2024-02-29 16:29:00.000,其他,,PD_Run_正常生產
665,42,IMTDSC1013,2024-02-29 17:32:00.000,2024-02-29 18:32:00.000,其他,,SB_Idle_待命
666,42,IMTDSC1013,2024-03-01 01:29:00.000,2024-03-01 02:29:00.000,其他,,SB_Idle_待命
667,42,IMTDSC1013,2024-02-29 02:46:00.000,2024-02-29 03:46:00.000,其他,,PD_Run_正常生產
668,42,IMTDSC1013,2024-03-01 07:40:00.000,2024-03-01 08:40:00.000,其他,,SB_Idle_待命
669,42,IMTDSC1013,2024-03-01 07:55:00.000,2024-03-01 08:55:00.000,其他,,PD_Run_正常生產
670,36,SMKNOV1033,2024-03-01 07:58:00.000,2024-03-01 08:58:00.000,其他,,SD_PM_計畫保養
671,37,SMKLUV1043,2024-03-01 08:00:00.000,2024-03-01 09:00:00.000,其他,,SB_Idle_待命
672,42,IMTDSC1013,2024-03-01 08:10:00.000,2024-03-01 09:10:00.000,其他,,PD_Run_正常生產
673,19,SMKCLN1013,2024-03-01 08:05:00.000,2024-03-01 08:10:00.000,其他,CLN 6PCS DUMMY,SB_Idle_待命
674,42,IMTDSC1013,2024-03-01 09:12:00.000,2024-03-01 10:12:00.000,其他,,PD_Run_正常生產
675,42,IMTDSC1013,2024-03-01 09:27:00.000,2024-03-01 10:27:00.000,其他,,PD_Run_正常生產
676,42,IMTDSC1013,2024-03-01 09:37:00.000,2024-03-01 10:37:00.000,其他,,PD_Run_正常生產
677,36,SMKNOV1033,2024-03-01 09:56:00.000,2024-03-01 10:56:00.000,其他,,SD_PM_計畫保養
678,42,IMTDSC1013,2024-03-01 10:13:00.000,2024-03-01 11:13:00.000,其他,,PD_Run_正常生產
679,42,IMTDSC1013,2024-03-01 12:05:00.000,2024-03-01 13:05:00.000,其他,,PD_Run_正常生產
680,42,IMTDSC1013,2024-03-01 12:21:00.000,2024-03-01 13:21:00.000,其他,,PD_Run_正常生產
681,37,SMKLUV1043,2024-03-01 12:26:00.000,2024-03-01 13:26:00.000,其他,,PD_Run_正常生產
682,38,SMKPOS1023,2024-03-01 12:25:00.000,2024-03-01 13:25:00.000,其他,,PD_Run_正常生產
683,42,IMTDSC1013,2024-03-01 12:36:00.000,2024-03-01 13:36:00.000,其他,,PD_Run_正常生產
684,36,SMKNOV1033,2024-03-01 12:48:00.000,2024-03-01 13:48:00.000,其他,,SD_PM_計畫保養
685,36,SMKNOV1033,2024-03-01 14:09:00.000,2024-03-01 15:09:00.000,其他,,SD_PM_計畫保養
686,36,SMKNOV1033,2024-03-01 14:34:00.000,2024-03-01 15:34:00.000,其他,,SD_PM_計畫保養
687,36,SMKNOV1033,2024-03-01 14:44:00.000,2024-03-01 15:44:00.000,其他,,SD_PM_計畫保養
688,37,SMKLUV1043,2024-03-01 17:19:00.000,2024-03-01 18:19:00.000,其他,,SB_Idle_待命
689,37,SMKLUV1043,2024-03-02 07:12:00.000,2024-03-02 08:12:00.000,其他,,PD_Run_正常生產
690,19,SMKCLN1013,2024-03-02 08:00:00.000,2024-03-02 08:05:00.000,其他,CLN 6PCS DUMMY,SB_Idle_待命
691,42,IMTDSC1013,2024-03-02 07:44:00.000,2024-03-02 08:44:00.000,其他,,PD_Run_正常生產
692,36,SMKNOV1033,2024-03-02 07:56:00.000,2024-03-02 08:56:00.000,其他,,SD_PM_計畫保養
693,37,SMKLUV1043,2024-03-02 07:58:00.000,2024-03-02 08:58:00.000,其他,,PD_Run_正常生產
694,42,IMTDSC1013,2024-03-02 08:09:00.000,2024-03-02 09:09:00.000,其他,,PD_Run_正常生產
695,42,IMTDSC1013,2024-03-02 09:21:00.000,2024-03-02 10:21:00.000,其他,,PD_Run_正常生產
696,36,SMKNOV1033,2024-03-02 09:37:00.000,2024-03-02 10:37:00.000,其他,,SD_PM_計畫保養
697,37,SMKLUV1043,2024-03-02 09:43:00.000,2024-03-02 10:43:00.000,其他,,PD_Run_正常生產
698,42,IMTDSC1013,2024-03-02 09:46:00.000,2024-03-02 10:46:00.000,其他,,PD_Run_正常生產
699,42,IMTDSC1013,2024-03-02 09:56:00.000,2024-03-02 10:56:00.000,其他,,SB_Idle_待命
700,42,IMTDSC1013,2024-03-02 09:56:00.000,2024-03-02 10:56:00.000,其他,,SB_Idle_待命
701,42,IMTDSC1013,2024-03-02 11:43:00.000,2024-03-02 12:43:00.000,其他,,PD_Run_正常生產
702,37,SMKLUV1043,2024-03-02 12:11:00.000,2024-03-02 13:11:00.000,其他,,PD_Run_正常生產
703,36,SMKNOV1033,2024-03-02 12:12:00.000,2024-03-02 13:12:00.000,其他,,SD_PM_計畫保養
704,36,SMKNOV1033,2024-03-02 12:57:00.000,2024-03-02 13:57:00.000,其他,,SD_PM_計畫保養
705,42,IMTDSC1013,2024-03-02 12:59:00.000,2024-03-02 13:59:00.000,其他,,SB_Idle_待命
706,37,SMKLUV1043,2024-03-02 12:57:00.000,2024-03-02 13:57:00.000,其他,,PD_Run_正常生產
707,42,IMTDSC1013,2024-03-02 14:11:00.000,2024-03-02 15:11:00.000,其他,,PD_Run_正常生產
708,37,SMKLUV1043,2024-03-02 14:17:00.000,2024-03-02 15:17:00.000,其他,,SB_Idle_待命
709,42,IMTDSC1013,2024-03-02 14:31:00.000,2024-03-02 15:31:00.000,其他,,PD_Run_正常生產
710,36,SMKNOV1033,2024-03-02 14:47:00.000,2024-03-02 15:47:00.000,其他,,SD_PM_計畫保養
711,36,SMKNOV1033,2024-03-02 14:57:00.000,2024-03-02 15:57:00.000,其他,,SD_PM_計畫保養
712,36,SMKNOV1033,2024-03-02 15:27:00.000,2024-03-02 16:27:00.000,其他,,SD_PM_計畫保養
713,37,SMKLUV1043,2024-03-02 17:09:00.000,2024-03-02 18:09:00.000,其他,,SB_Idle_待命
714,37,SMKLUV1043,2024-03-02 17:09:00.000,2024-03-02 18:09:00.000,其他,,SB_Idle_待命
715,27,SMKVPF1033,2024-03-03 07:13:00.000,2024-03-03 08:13:00.000,其他,,SB_Idle_待命
716,19,SMKCLN1013,2024-03-03 08:00:00.000,2024-03-03 08:05:00.000,其他,CLN 6PCS DUMMY,SB_Idle_待命
717,27,SMKVPF1033,2024-03-03 15:29:00.000,2024-03-03 16:29:00.000,其他,,PD_Run_正常生產
718,25,SMKLAM1013,2024-03-03 01:46:00.000,2024-03-04 02:46:00.000,其他,,PD_Run_正常生產
719,19,SMKCLN1013,2024-03-04 07:45:00.000,2024-03-04 07:50:00.000,其他,CLN 6PCS DUMMY,SB_Idle_待命
720,39,IMTPRE1033,2024-03-04 22:11:00.000,2024-03-04 23:11:00.000,其他,,PD_Run_正常生產
721,39,IMTPRE1033,2024-03-05 00:43:00.000,2024-03-05 01:43:00.000,其他,,SB_Idle_待命
722,92,DFMLID1033,2024-03-05 02:57:00.000,2024-03-05 03:57:00.000,其他,,PD_Run_正常生產
723,39,IMTPRE1033,2024-03-05 03:01:00.000,2024-03-05 04:01:00.000,其他,,PD_Run_正常生產
724,24,SMKLAM1023,2024-03-04 17:07:00.000,2024-03-04 18:07:00.000,其他,,PD_Run_正常生產
725,19,SMKCLN1013,2024-03-05 08:10:00.000,2024-03-05 08:20:00.000,其他,CLN DUMMY for 6 pcs,SB_Idle_待命
726,42,IMTDSC1013,2024-03-05 07:38:00.000,2024-03-05 08:38:00.000,其他,,SB_Idle_待命
727,42,IMTDSC1013,2024-03-05 07:38:00.000,2024-03-05 08:38:00.000,其他,,SB_Idle_待命
728,36,SMKNOV1033,2024-03-05 09:46:00.000,2024-03-05 10:46:00.000,其他,,SD_PM_計畫保養
729,19,SMKCLN1013,2024-03-05 11:50:00.000,2024-03-05 12:50:00.000,其他,CLN LINE 週保養 (WEEKLY MAINTENANCE),SB_Idle_待命
730,38,SMKPOS1023,2024-03-05 12:33:00.000,2024-03-05 13:33:00.000,其他,,PD_Run_正常生產
731,19,SMKCLN1013,2024-03-05 15:04:00.000,2024-03-05 16:04:00.000,其他,CLN LINE RUN DUMMY 6PNL,SB_Idle_待命
732,27,SMKVPF1033,2024-03-05 15:00:00.000,2024-03-05 16:00:00.000,其他,,SB_Idle_待命
733,27,SMKVPF1033,2024-03-05 15:51:00.000,2024-03-05 16:51:00.000,其他,,PD_Run_正常生產
734,27,SMKVPF1033,2024-03-05 15:51:00.000,2024-03-05 16:51:00.000,其他,,PD_Run_正常生產
735,27,SMKVPF1033,2024-03-05 15:56:00.000,2024-03-05 16:56:00.000,其他,,SB_Idle_待命
736,32,SMKEXC1033,2024-03-06 08:20:00.000,2024-03-06 09:20:00.000,其他,,PD_Run_正常生產
737,19,SMKCLN1013,2024-03-06 08:10:00.000,2024-03-06 08:20:00.000,其他,CLN DUMMY for 6 pcs,SB_Idle_待命
738,27,SMKVPF1033,2024-03-06 10:03:00.000,2024-03-06 11:03:00.000,其他,,SB_Idle_待命
739,27,SMKVPF1033,2024-03-06 12:05:00.000,2024-03-06 13:05:00.000,其他,,PD_Run_正常生產
740,36,SMKNOV1033,2024-03-06 12:49:00.000,2024-03-06 13:49:00.000,其他,,SD_PM_計畫保養
741,37,SMKLUV1043,2024-03-06 12:53:00.000,2024-03-06 13:53:00.000,其他,,PD_Run_正常生產
742,27,SMKVPF1033,2024-03-06 14:26:00.000,2024-03-06 15:26:00.000,其他,,PD_Run_正常生產
743,36,SMKNOV1033,2024-03-06 16:36:00.000,2024-03-06 17:36:00.000,其他,,SD_PM_計畫保養
744,42,IMTDSC1013,2024-03-07 11:45:00.000,2024-03-07 12:45:00.000,其他,,PD_Run_正常生產
745,42,IMTDSC1013,2024-03-07 11:50:00.000,2024-03-07 12:50:00.000,其他,,PD_Run_正常生產
746,42,IMTDSC1013,2024-03-07 11:50:00.000,2024-03-07 12:50:00.000,其他,,PD_Run_正常生產
747,42,IMTDSC1013,2024-03-07 12:32:00.000,2024-03-07 13:32:00.000,其他,,PD_Run_正常生產
748,37,SMKLUV1043,2024-03-07 15:14:00.000,2024-03-07 16:14:00.000,其他,,SB_Idle_待命
749,42,IMTDSC1013,2024-03-07 17:42:00.000,2024-03-07 18:42:00.000,其他,,SB_Idle_待命
750,42,IMTDSC1013,2024-03-08 08:04:00.000,2024-03-08 09:04:00.000,其他,,SB_Idle_待命
751,42,IMTDSC1013,2024-03-08 10:12:00.000,2024-03-08 11:12:00.000,其他,,PD_Run_正常生產
752,42,IMTDSC1013,2024-03-08 11:36:00.000,2024-03-08 12:36:00.000,其他,,SB_Idle_待命
753,42,IMTDSC1013,2024-03-08 12:23:00.000,2024-03-08 13:23:00.000,其他,,PD_Run_正常生產
754,36,SMKNOV1033,2024-03-08 14:19:00.000,2024-03-08 15:19:00.000,其他,,SD_PM_計畫保養
755,36,SMKNOV1033,2024-03-08 14:19:00.000,2024-03-08 15:19:00.000,其他,,SD_PM_計畫保養
756,42,IMTDSC1013,2024-03-08 14:38:00.000,2024-03-08 15:38:00.000,其他,,PD_Run_正常生產
757,42,IMTDSC1013,2024-03-08 15:15:00.000,2024-03-08 16:15:00.000,其他,,SB_Idle_待命
758,37,SMKLUV1043,2024-03-08 17:04:00.000,2024-03-08 18:04:00.000,其他,,PD_Run_正常生產
759,27,SMKVPF1033,2024-03-09 08:21:00.000,2024-03-09 09:21:00.000,其他,,PD_Run_正常生產
760,42,IMTDSC1013,2024-03-09 12:20:00.000,2024-03-09 13:20:00.000,其他,,PD_Run_正常生產
761,42,IMTDSC1013,2024-03-09 13:06:00.000,2024-03-09 14:06:00.000,其他,,SB_Idle_待命
762,27,SMKVPF1033,2024-03-09 14:35:00.000,2024-03-09 15:35:00.000,其他,,SB_Idle_待命
763,27,SMKVPF1033,2024-03-09 16:16:00.000,2024-03-09 17:16:00.000,其他,,SB_Idle_待命
764,27,SMKVPF1033,2024-03-09 16:16:00.000,2024-03-09 17:16:00.000,其他,,SB_Idle_待命
765,27,SMKVPF1033,2024-03-10 14:08:00.000,2024-03-10 15:08:00.000,其他,,SB_Idle_待命
766,27,SMKVPF1033,2024-03-10 14:08:00.000,2024-03-10 15:08:00.000,其他,,SB_Idle_待命
767,42,IMTDSC1013,2024-03-10 15:20:00.000,2024-03-10 16:20:00.000,其他,,PD_Run_正常生產
768,42,IMTDSC1013,2024-03-11 09:47:00.000,2024-03-11 10:47:00.000,其他,,PD_Run_正常生產
769,42,IMTDSC1013,2024-03-11 10:13:00.000,2024-03-11 11:13:00.000,其他,,SB_Idle_待命
770,19,SMKCLN1013,2024-03-11 08:10:00.000,2024-03-11 08:20:00.000,其他,CLN DUMMY FOR 6 PCS,SB_Idle_待命
771,42,IMTDSC1013,2024-03-11 12:06:00.000,2024-03-11 13:06:00.000,其他,,PD_Run_正常生產
772,19,SMKCLN1013,2024-03-11 09:10:00.000,2024-03-11 09:30:00.000,其他,"CLEANLINE NG ",SB_Idle_待命
773,42,IMTDSC1013,2024-03-11 12:47:00.000,2024-03-11 13:47:00.000,其他,,PD_Run_正常生產
774,42,IMTDSC1013,2024-03-11 13:08:00.000,2024-03-11 14:08:00.000,其他,,PD_Run_正常生產
775,42,IMTDSC1013,2024-03-11 14:31:00.000,2024-03-11 15:31:00.000,其他,,PD_Run_正常生產
776,42,IMTDSC1013,2024-03-11 14:56:00.000,2024-03-11 15:56:00.000,其他,,SB_Idle_待命
777,42,IMTDSC1013,2024-03-12 04:56:00.000,2024-03-12 05:56:00.000,其他,,SB_Idle_待命
778,19,SMKCLN1013,2024-03-12 08:00:00.000,2024-03-12 08:10:00.000,其他,CLN DUMMY for 6 pcs,SB_Idle_待命
779,42,IMTDSC1013,2024-03-12 07:43:00.000,2024-03-12 08:43:00.000,其他,,PD_Run_正常生產
780,42,IMTDSC1013,2024-03-13 05:34:00.000,2024-03-13 06:34:00.000,其他,,SB_Idle_待命
781,42,IMTDSC1013,2024-03-13 08:10:00.000,2024-03-13 09:10:00.000,其他,,PD_Run_正常生產
782,42,IMTDSC1013,2024-03-13 09:27:00.000,2024-03-13 10:27:00.000,其他,,PD_Run_正常生產
783,42,IMTDSC1013,2024-03-13 10:03:00.000,2024-03-13 11:03:00.000,其他,,PD_Run_正常生產
784,42,IMTDSC1013,2024-03-13 12:04:00.000,2024-03-13 13:04:00.000,其他,,PD_Run_正常生產
785,42,IMTDSC1013,2024-03-13 12:11:00.000,2024-03-13 13:11:00.000,其他,,PD_Run_正常生產
786,42,IMTDSC1013,2024-03-13 12:11:00.000,2024-03-13 13:11:00.000,其他,,PD_Run_正常生產
787,42,IMTDSC1013,2024-03-13 13:07:00.000,2024-03-13 14:07:00.000,其他,,SB_Idle_待命
788,37,SMKLUV1043,2024-03-13 14:37:00.000,2024-03-13 15:37:00.000,其他,,SB_Idle_待命
789,42,IMTDSC1013,2024-03-13 14:46:00.000,2024-03-13 15:46:00.000,其他,,PD_Run_正常生產
790,42,IMTDSC1013,2024-03-13 14:46:00.000,2024-03-13 15:46:00.000,其他,,PD_Run_正常生產
791,42,IMTDSC1013,2024-03-13 14:51:00.000,2024-03-13 15:51:00.000,其他,,PD_Run_正常生產
792,42,IMTDSC1013,2024-03-13 14:56:00.000,2024-03-13 15:56:00.000,其他,,SB_Idle_待命
793,42,IMTDSC1013,2024-03-14 09:15:00.000,2024-03-14 10:15:00.000,其他,,PD_Run_正常生產
794,42,IMTDSC1013,2024-03-14 09:45:00.000,2024-03-14 10:45:00.000,其他,,PD_Run_正常生產
795,42,IMTDSC1013,2024-03-14 09:50:00.000,2024-03-14 10:50:00.000,其他,,PD_Run_正常生產
796,42,IMTDSC1013,2024-03-14 10:16:00.000,2024-03-14 11:16:00.000,其他,,PD_Run_正常生產
797,42,IMTDSC1013,2024-03-14 11:53:00.000,2024-03-14 12:53:00.000,其他,,PD_Run_正常生產
798,42,IMTDSC1013,2024-03-14 12:13:00.000,2024-03-14 13:13:00.000,其他,,PD_Run_正常生產
799,42,IMTDSC1013,2024-03-14 12:34:00.000,2024-03-14 13:34:00.000,其他,,SB_Idle_待命
800,42,IMTDSC1013,2024-03-14 14:10:00.000,2024-03-14 15:10:00.000,其他,,PD_Run_正常生產
801,42,IMTDSC1013,2024-03-14 14:36:00.000,2024-03-14 15:36:00.000,其他,,PD_Run_正常生產
802,42,IMTDSC1013,2024-03-14 14:41:00.000,2024-03-14 15:41:00.000,其他,,SB_Idle_待命
803,42,IMTDSC1013,2024-03-14 15:07:00.000,2024-03-14 16:07:00.000,其他,,PD_Run_正常生產
804,42,IMTDSC1013,2024-03-14 15:12:00.000,2024-03-14 16:12:00.000,其他,,PD_Run_正常生產
805,42,IMTDSC1013,2024-03-14 15:12:00.000,2024-03-14 16:12:00.000,其他,,PD_Run_正常生產
806,42,IMTDSC1013,2024-03-14 17:29:00.000,2024-03-14 18:29:00.000,其他,,SB_Idle_待命
807,27,SMKVPF1023,2024-03-15 07:06:00.000,2024-03-15 08:06:00.000,其他,,NS_Off_長期關線
808,27,SMKVPF1023,2024-03-15 08:27:00.000,2024-03-15 09:27:00.000,其他,,NS_Off_長期關線
809,27,SMKVPF1023,2024-03-15 09:33:00.000,2024-03-15 10:33:00.000,其他,,NS_Off_長期關線
810,27,SMKVPF1023,2024-03-15 10:33:00.000,2024-03-15 11:33:00.000,其他,,NS_Off_長期關線
811,27,SMKVPF1023,2024-03-15 13:25:00.000,2024-03-15 14:25:00.000,其他,,NS_Off_長期關線
812,27,SMKVPF1023,2024-03-15 15:31:00.000,2024-03-15 16:31:00.000,其他,,NS_Off_長期關線
813,27,SMKVPF1023,2024-03-16 08:26:00.000,2024-03-16 09:26:00.000,其他,,NS_Off_長期關線
814,42,IMTDSC1013,2024-03-16 12:35:00.000,2024-03-16 13:35:00.000,其他,,SB_Idle_待命
815,27,SMKVPF1023,2024-03-16 13:39:00.000,2024-03-16 14:39:00.000,其他,,NS_Off_長期關線
816,27,SMKVPF1023,2024-03-16 15:46:00.000,2024-03-16 16:46:00.000,其他,,NS_Off_長期關線
817,39,IMTPRE1033,2024-03-16 20:31:00.000,2024-03-16 21:31:00.000,其他,,PD_Run_正常生產
818,39,IMTPRE1033,2024-03-17 00:59:00.000,2024-03-17 01:59:00.000,其他,,PD_Run_正常生產
819,39,IMTPRE1033,2024-03-17 01:08:00.000,2024-03-17 02:08:00.000,其他,,PD_Run_正常生產
820,39,IMTPRE1033,2024-03-17 01:08:00.000,2024-03-17 02:08:00.000,其他,,PD_Run_正常生產
821,39,IMTPRE1033,2024-03-17 01:08:00.000,2024-03-17 02:08:00.000,其他,,PD_Run_正常生產
822,39,IMTPRE1033,2024-03-17 01:08:00.000,2024-03-17 02:08:00.000,其他,,PD_Run_正常生產
823,39,IMTPRE1033,2024-03-17 02:39:00.000,2024-03-17 03:39:00.000,其他,,PD_Run_正常生產
824,39,IMTPRE1033,2024-03-17 02:39:00.000,2024-03-17 03:39:00.000,其他,,PD_Run_正常生產
825,39,IMTPRE1033,2024-03-17 02:39:00.000,2024-03-17 03:39:00.000,其他,,PD_Run_正常生產
826,39,IMTPRE1033,2024-03-17 02:39:00.000,2024-03-17 03:39:00.000,其他,,PD_Run_正常生產
827,39,IMTPRE1033,2024-03-17 02:39:00.000,2024-03-17 03:39:00.000,其他,,PD_Run_正常生產
828,39,IMTPRE1033,2024-03-17 02:39:00.000,2024-03-17 03:39:00.000,其他,,PD_Run_正常生產
829,39,IMTPRE1033,2024-03-17 02:39:00.000,2024-03-17 03:39:00.000,其他,,PD_Run_正常生產
830,39,IMTPRE1033,2024-03-17 02:39:00.000,2024-03-17 03:39:00.000,其他,,PD_Run_正常生產
831,39,IMTPRE1033,2024-03-17 03:11:00.000,2024-03-17 04:11:00.000,其他,,PD_Run_正常生產
832,39,IMTPRE1033,2024-03-17 03:11:00.000,2024-03-17 04:11:00.000,其他,,PD_Run_正常生產
833,39,IMTPRE1033,2024-03-17 03:11:00.000,2024-03-17 04:11:00.000,其他,,PD_Run_正常生產
834,39,IMTPRE1033,2024-03-17 03:11:00.000,2024-03-17 04:11:00.000,其他,,PD_Run_正常生產
835,39,IMTPRE1033,2024-03-17 03:26:00.000,2024-03-17 04:26:00.000,其他,,PD_Run_正常生產
836,42,IMTDSC1013,2024-03-17 08:17:00.000,2024-03-17 09:17:00.000,其他,,SB_Idle_待命
837,27,SMKVPF1033,2024-03-17 11:46:00.000,2024-03-17 12:46:00.000,其他,,SB_Idle_待命
838,42,IMTDSC1013,2024-03-17 11:53:00.000,2024-03-17 12:53:00.000,其他,,PD_Run_正常生產
839,27,SMKVPF1033,2024-03-17 12:06:00.000,2024-03-17 13:06:00.000,其他,,PD_Run_正常生產
840,27,SMKVPF1033,2024-03-17 12:06:00.000,2024-03-17 13:06:00.000,其他,,PD_Run_正常生產
841,42,IMTDSC1013,2024-03-17 12:28:00.000,2024-03-17 13:28:00.000,其他,,PD_Run_正常生產
842,42,IMTDSC1013,2024-03-17 12:59:00.000,2024-03-17 13:59:00.000,其他,,SB_Idle_待命
843,19,SMKCLN1013,2024-03-17 08:10:00.000,2024-03-17 08:20:00.000,其他,CLN DUMMY for 6 pcs,SB_Idle_待命
844,42,IMTDSC1013,2024-03-17 14:36:00.000,2024-03-17 15:36:00.000,其他,,PD_Run_正常生產
845,42,IMTDSC1013,2024-03-17 14:51:00.000,2024-03-17 15:51:00.000,其他,,PD_Run_正常生產
846,42,IMTDSC1013,2024-03-17 14:56:00.000,2024-03-17 15:56:00.000,其他,,PD_Run_正常生產
847,42,IMTDSC1013,2024-03-17 15:37:00.000,2024-03-17 16:37:00.000,其他,,SB_Idle_待命
848,42,IMTDSC1013,2024-03-18 05:49:00.000,2024-03-18 06:49:00.000,其他,,SB_Idle_待命
849,19,SMKCLN1013,2024-03-18 07:50:00.000,2024-03-18 08:00:00.000,其他,CLN DUMMY for 6 pcs,PD_Run_正常生產
850,42,IMTDSC1013,2024-03-18 09:07:00.000,2024-03-18 10:07:00.000,其他,,PD_Run_正常生產
851,42,IMTDSC1013,2024-03-18 10:08:00.000,2024-03-18 11:08:00.000,其他,,PD_Run_正常生產
852,42,IMTDSC1013,2024-03-18 12:35:00.000,2024-03-18 13:35:00.000,其他,,PD_Run_正常生產
853,42,IMTDSC1013,2024-03-18 12:35:00.000,2024-03-18 13:35:00.000,其他,,PD_Run_正常生產
854,42,IMTDSC1013,2024-03-18 13:16:00.000,2024-03-18 14:16:00.000,其他,,SB_Idle_待命
855,42,IMTDSC1013,2024-03-18 14:53:00.000,2024-03-18 15:53:00.000,其他,,PD_Run_正常生產
856,42,IMTDSC1013,2024-03-18 17:23:00.000,2024-03-18 18:23:00.000,其他,,SB_Idle_待命
857,42,IMTDSC1013,2024-03-19 06:40:00.000,2024-03-19 07:40:00.000,其他,,SB_Idle_待命
858,42,IMTDSC1013,2024-03-19 07:21:00.000,2024-03-19 08:21:00.000,其他,,PD_Run_正常生產
859,42,IMTDSC1013,2024-03-19 10:09:00.000,2024-03-19 11:09:00.000,其他,,SD_PM_計畫保養
860,42,IMTDSC1013,2024-03-19 10:14:00.000,2024-03-19 11:14:00.000,其他,,SD_PM_計畫保養
861,42,IMTDSC1013,2024-03-19 12:40:00.000,2024-03-19 13:40:00.000,其他,,SD_PM_計畫保養
862,42,IMTDSC1013,2024-03-20 13:03:00.000,2024-03-20 14:03:00.000,其他,,SB_Idle_待命
863,42,IMTDSC1013,2024-03-20 15:42:00.000,2024-03-20 16:42:00.000,其他,,PD_Run_正常生產
864,27,SMKVPF1033,2024-03-21 09:05:00.000,2024-03-21 10:05:00.000,其他,,PD_Run_正常生產
865,27,SMKVPF1033,2024-03-21 09:25:00.000,2024-03-21 10:25:00.000,其他,,SB_Idle_待命
866,27,SMKVPF1033,2024-03-21 12:22:00.000,2024-03-21 13:22:00.000,其他,,PD_Run_正常生產
867,27,SMKVPF1033,2024-03-21 12:52:00.000,2024-03-21 13:52:00.000,其他,,PD_Run_正常生產
868,27,SMKVPF1033,2024-03-21 14:12:00.000,2024-03-21 15:12:00.000,其他,,PD_Run_正常生產
869,27,SMKVPF1033,2024-03-21 15:58:00.000,2024-03-21 16:58:00.000,其他,,PD_Run_正常生產
870,27,SMKVPF1033,2024-03-21 16:39:00.000,2024-03-21 17:39:00.000,其他,,PD_Run_正常生產
871,27,SMKVPF1033,2024-03-22 07:13:00.000,2024-03-22 08:13:00.000,其他,,PD_Run_正常生產
872,27,SMKVPF1033,2024-03-22 15:47:00.000,2024-03-22 16:47:00.000,其他,,PD_Run_正常生產
873,27,SMKVPF1033,2024-03-22 15:47:00.000,2024-03-22 16:47:00.000,其他,,PD_Run_正常生產
874,39,IMTPRE1033,2024-03-22 22:13:00.000,2024-03-22 23:13:00.000,其他,,PD_Run_正常生產
875,39,IMTPRE1033,2024-03-23 00:12:00.000,2024-03-23 01:12:00.000,其他,,PD_Run_正常生產
876,39,IMTPRE1033,2024-03-23 02:59:00.000,2024-03-23 03:59:00.000,其他,,PD_Run_正常生產
877,27,SMKVPF1033,2024-03-23 08:21:00.000,2024-03-23 09:21:00.000,其他,,PD_Run_正常生產
878,27,SMKVPF1033,2024-03-23 09:27:00.000,2024-03-23 10:27:00.000,其他,,PD_Run_正常生產
879,42,IMTDSC1013,2024-03-23 11:50:00.000,2024-03-23 12:50:00.000,其他,,PD_Run_正常生產
880,42,IMTDSC1013,2024-03-23 11:56:00.000,2024-03-23 12:56:00.000,其他,,PD_Run_正常生產
881,42,IMTDSC1013,2024-03-23 13:03:00.000,2024-03-23 14:03:00.000,其他,,PD_Run_正常生產
882,42,IMTDSC1013,2024-03-23 13:03:00.000,2024-03-23 14:03:00.000,其他,,PD_Run_正常生產
883,42,IMTDSC1013,2024-03-23 15:52:00.000,2024-03-23 16:52:00.000,其他,,SB_Idle_待命
884,27,SMKVPF1033,2024-03-23 16:12:00.000,2024-03-23 17:12:00.000,其他,,PD_Run_正常生產
885,42,IMTDSC1013,2024-03-23 16:54:00.000,2024-03-23 17:54:00.000,其他,,SB_Idle_待命
886,19,SMKCLN1013,2024-03-23 08:00:00.000,2024-03-23 08:10:00.000,其他,CLN DUMMY for 6 pcs,SB_Idle_待命
887,39,IMTPRE1033,2024-03-24 02:28:00.000,2024-03-24 03:28:00.000,其他,,PD_Run_正常生產
888,39,IMTPRE1033,2024-03-24 02:44:00.000,2024-03-24 03:44:00.000,其他,,PD_Run_正常生產
889,42,IMTDSC1013,2024-03-24 09:13:00.000,2024-03-24 10:13:00.000,其他,,PD_Run_正常生產
890,27,SMKVPF1033,2024-03-24 09:23:00.000,2024-03-24 10:23:00.000,其他,,PD_Run_正常生產
891,42,IMTDSC1013,2024-03-24 12:05:00.000,2024-03-24 13:05:00.000,其他,,PD_Run_正常生產
892,19,SMKCLN1013,2024-03-24 09:00:00.000,2024-03-24 09:10:00.000,其他,CLN DUMMY for 6 pcs,SB_Idle_待命
893,27,SMKVPF1033,2024-03-24 13:10:00.000,2024-03-24 14:10:00.000,其他,,SB_Idle_待命
894,27,SMKVPF1033,2024-03-24 13:51:00.000,2024-03-24 14:51:00.000,其他,,SB_Idle_待命
895,42,IMTDSC1013,2024-03-24 14:36:00.000,2024-03-24 15:36:00.000,其他,,PD_Run_正常生產
896,41,OSPOSP2013,2024-03-25 05:06:00.000,2024-03-25 06:06:00.000,其他,,PD_Run_正常生產
897,98,OSPPMA1013,2024-03-25 05:21:00.000,2024-03-25 06:21:00.000,其他,,SB_Idle_待命
898,19,SMKCLN1013,2024-03-25 07:55:00.000,2024-03-25 08:05:00.000,其他,CLN DUMMY for 6 pcs,PD_Run_正常生產
899,42,IMTDSC1013,2024-03-25 11:53:00.000,2024-03-25 12:53:00.000,其他,,PD_Run_正常生產
900,42,IMTDSC1013,2024-03-25 12:23:00.000,2024-03-25 13:23:00.000,其他,,PD_Run_正常生產
901,42,IMTDSC1013,2024-03-25 12:38:00.000,2024-03-25 13:38:00.000,其他,,SB_Idle_待命
902,42,IMTDSC1013,2024-03-25 13:09:00.000,2024-03-25 14:09:00.000,其他,,PD_Run_正常生產
903,42,IMTDSC1013,2024-03-26 07:39:00.000,2024-03-26 08:39:00.000,其他,,PD_Run_正常生產
904,42,IMTDSC1013,2024-03-26 08:10:00.000,2024-03-26 09:10:00.000,其他,,PD_Run_正常生產
905,42,IMTDSC1013,2024-03-26 12:37:00.000,2024-03-26 13:37:00.000,其他,,SD_PM_計畫保養
906,19,SMKCLN1013,2024-03-26 07:55:00.000,2024-03-26 08:05:00.000,其他,CLN DUMMY for 6 pcs,SB_Idle_待命
907,45,RUTCCD1013,2024-03-27 10:24:00.000,2024-03-27 11:24:00.000,其他,,PD_Run_正常生產
908,42,IMTDSC1013,2024-03-27 12:26:00.000,2024-03-27 13:26:00.000,其他,,PD_Run_正常生產
909,42,IMTDSC1013,2024-03-27 12:32:00.000,2024-03-27 13:32:00.000,其他,,PD_Run_正常生產
910,42,IMTDSC1013,2024-03-27 17:59:00.000,2024-03-27 18:59:00.000,其他,,SB_Idle_待命
911,27,SMKVPF1023,2024-03-27 21:30:00.000,2024-03-27 22:30:00.000,其他,,NS_Off_長期關線
912,27,SMKVPF1023,2024-03-28 02:13:00.000,2024-03-28 03:13:00.000,其他,,NS_Off_長期關線
913,39,IMTPRE1033,2024-03-28 02:38:00.000,2024-03-28 03:38:00.000,其他,,SB_Idle_待命
914,27,SMKVPF1023,2024-03-28 04:16:00.000,2024-03-28 05:16:00.000,其他,,NS_Off_長期關線
915,27,SMKVPF1023,2024-03-28 05:12:00.000,2024-03-28 06:12:00.000,其他,,NS_Off_長期關線
916,42,IMTDSC1013,2024-03-28 12:44:00.000,2024-03-28 13:44:00.000,其他,,PD_Run_正常生產
917,42,IMTDSC1013,2024-03-28 13:05:00.000,2024-03-28 14:05:00.000,其他,,SB_Idle_待命
918,42,IMTDSC1013,2024-03-28 15:54:00.000,2024-03-28 16:54:00.000,其他,,SB_Idle_待命
919,27,SMKVPF1023,2024-03-28 20:36:00.000,2024-03-28 21:36:00.000,其他,,NS_Off_長期關線
920,27,SMKVPF1023,2024-03-29 04:50:00.000,2024-03-29 05:50:00.000,其他,,NS_Off_長期關線
921,27,SMKVPF1023,2024-03-29 05:36:00.000,2024-03-29 06:36:00.000,其他,,NS_Off_長期關線
922,42,IMTDSC1013,2024-03-29 11:47:00.000,2024-03-29 12:47:00.000,其他,,PD_Run_正常生產
923,42,IMTDSC1013,2024-03-29 11:52:00.000,2024-03-29 12:52:00.000,其他,,PD_Run_正常生產
924,42,IMTDSC1013,2024-03-29 12:02:00.000,2024-03-29 13:02:00.000,其他,,PD_Run_正常生產
925,19,SMKCLN1013,2024-03-29 07:50:00.000,2024-03-29 08:00:00.000,其他,CLN DUMMY for 6 pcs,SB_Idle_待命
926,42,IMTDSC1013,2024-03-29 12:23:00.000,2024-03-29 13:23:00.000,其他,,PD_Run_正常生產
927,42,IMTDSC1013,2024-03-29 12:43:00.000,2024-03-29 13:43:00.000,其他,,PD_Run_正常生產
928,42,IMTDSC1013,2024-03-29 14:10:00.000,2024-03-29 15:10:00.000,其他,,SB_Idle_待命
929,42,IMTDSC1013,2024-03-30 11:39:00.000,2024-03-30 12:39:00.000,其他,,SB_Idle_待命
930,42,IMTDSC1013,2024-03-30 14:47:00.000,2024-03-30 15:47:00.000,其他,,PD_Run_正常生產
931,19,SMKCLN1013,2024-03-30 07:50:00.000,2024-03-30 08:00:00.000,其他,CLN DUMMY for 6 pcs,SB_Idle_待命
932,41,OSPOSP2013,2024-03-31 05:31:00.000,2024-03-31 06:31:00.000,其他,,PD_Run_正常生產
933,42,IMTDSC1013,2024-03-31 08:16:00.000,2024-03-31 09:16:00.000,其他,,SB_Idle_待命
934,42,IMTDSC1013,2024-03-31 09:57:00.000,2024-03-31 10:57:00.000,其他,,PD_Run_正常生產
935,42,IMTDSC1013,2024-03-31 09:57:00.000,2024-03-31 10:57:00.000,其他,,PD_Run_正常生產
936,42,IMTDSC1013,2024-03-31 09:57:00.000,2024-03-31 10:57:00.000,其他,,PD_Run_正常生產
937,42,IMTDSC1013,2024-03-31 11:38:00.000,2024-03-31 12:38:00.000,其他,,SB_Idle_待命
938,42,IMTDSC1013,2024-03-31 11:49:00.000,2024-03-31 12:49:00.000,其他,,PD_Run_正常生產
939,42,IMTDSC1013,2024-03-31 12:25:00.000,2024-03-31 13:25:00.000,其他,,SB_Idle_待命
940,42,IMTDSC1013,2024-03-31 13:13:00.000,2024-03-31 14:13:00.000,其他,,PD_Run_正常生產
941,42,IMTDSC1013,2024-03-31 14:38:00.000,2024-03-31 15:38:00.000,其他,,PD_Run_正常生產
942,42,IMTDSC1013,2024-03-31 15:46:00.000,2024-03-31 16:46:00.000,其他,,SB_Idle_待命
943,42,IMTDSC1013,2024-03-31 17:50:00.000,2024-03-31 18:50:00.000,其他,,SB_Idle_待命
944,42,IMTDSC1013,2024-04-01 12:39:00.000,2024-04-01 13:39:00.000,其他,,PD_Run_正常生產
945,42,IMTDSC1013,2024-04-01 15:12:00.000,2024-04-01 16:12:00.000,其他,,SB_Idle_待命
946,42,IMTDSC1013,2024-04-01 15:33:00.000,2024-04-01 16:33:00.000,其他,,SB_Idle_待命
947,42,IMTDSC1013,2024-04-02 07:19:00.000,2024-04-02 08:19:00.000,其他,,PD_Run_正常生產
948,19,SMKCLN1013,2024-04-02 08:10:00.000,2024-04-02 08:20:00.000,其他,CLN DUMMY for 6 pcs,SB_Idle_待命
949,42,IMTDSC1013,2024-04-02 09:50:00.000,2024-04-02 10:50:00.000,其他,,SD_PM_計畫保養
950,27,SMKVPF1033,2024-04-03 01:07:00.000,2024-04-03 02:07:00.000,其他,,PD_Run_正常生產
951,27,SMKVPF1033,2024-04-03 05:39:00.000,2024-04-03 06:39:00.000,其他,,PD_Run_正常生產
952,42,IMTDSC1013,2024-04-03 13:43:00.000,2024-04-03 14:43:00.000,其他,,PD_Run_正常生產
953,19,SMKCLN1013,2024-04-03 08:00:00.000,2024-04-03 08:10:00.000,其他,CLN DUMMY for 6 pcs,SB_Idle_待命
954,27,SMKVPF1033,2024-04-03 19:57:00.000,2024-04-03 20:57:00.000,其他,,PD_Run_正常生產
955,27,SMKVPF1033,2024-04-03 21:43:00.000,2024-04-03 22:43:00.000,其他,,PD_Run_正常生產
956,27,SMKVPF1033,2024-04-03 22:38:00.000,2024-04-03 23:38:00.000,其他,,PD_Run_正常生產
957,27,SMKVPF1033,2024-04-04 01:05:00.000,2024-04-04 02:05:00.000,其他,,PD_Run_正常生產
958,41,OSPOSP2013,2024-04-04 05:02:00.000,2024-04-04 06:02:00.000,其他,,SB_Idle_待命
959,41,OSPOSP2013,2024-04-04 05:28:00.000,2024-04-04 06:28:00.000,其他,,SB_Idle_待命
960,42,IMTDSC1013,2024-04-04 09:12:00.000,2024-04-04 10:12:00.000,其他,,PD_Run_正常生產
961,42,IMTDSC1013,2024-04-04 09:53:00.000,2024-04-04 10:53:00.000,其他,,PD_Run_正常生產
962,42,IMTDSC1013,2024-04-04 10:09:00.000,2024-04-04 11:09:00.000,其他,,PD_Run_正常生產
963,42,IMTDSC1013,2024-04-04 11:37:00.000,2024-04-04 12:37:00.000,其他,,SB_Idle_待命
964,42,IMTDSC1013,2024-04-04 12:49:00.000,2024-04-04 13:49:00.000,其他,,PD_Run_正常生產
965,42,IMTDSC1013,2024-04-04 14:12:00.000,2024-04-04 15:12:00.000,其他,,PD_Run_正常生產
966,42,IMTDSC1013,2024-04-04 16:57:00.000,2024-04-04 17:57:00.000,其他,,SB_Idle_待命
967,27,SMKVPF1033,2024-04-04 20:15:00.000,2024-04-04 21:15:00.000,其他,,PD_Run_正常生產
968,27,SMKVPF1033,2024-04-05 00:22:00.000,2024-04-05 01:22:00.000,其他,,SB_Idle_待命
969,27,SMKVPF1033,2024-04-05 03:20:00.000,2024-04-05 04:20:00.000,其他,,SB_Idle_待命
970,27,SMKVPF1033,2024-04-05 04:41:00.000,2024-04-05 05:41:00.000,其他,,PD_Run_正常生產
971,41,OSPOSP2013,2024-04-05 04:56:00.000,2024-04-05 05:56:00.000,其他,,PD_Run_正常生產
972,41,OSPOSP2013,2024-04-05 04:56:00.000,2024-04-05 05:56:00.000,其他,,PD_Run_正常生產
973,42,IMTDSC1013,2024-04-05 11:58:00.000,2024-04-05 12:58:00.000,其他,,PD_Run_正常生產
974,42,IMTDSC1013,2024-04-05 12:03:00.000,2024-04-05 13:03:00.000,其他,,PD_Run_正常生產
975,42,IMTDSC1013,2024-04-05 12:39:00.000,2024-04-05 13:39:00.000,其他,,PD_Run_正常生產
976,42,IMTDSC1013,2024-04-05 13:20:00.000,2024-04-05 14:20:00.000,其他,,SB_Idle_待命
977,24,SMKLAM1023,2024-04-06 00:46:00.000,2024-04-06 01:46:00.000,其他,,SB_Idle_待命
978,24,SMKLAM1023,2024-04-06 00:59:00.000,2024-04-06 01:59:00.000,其他,,SB_Idle_待命
979,27,SMKVPF1033,2024-04-06 05:18:00.000,2024-04-06 06:18:00.000,其他,,PD_Run_正常生產
980,32,SMKEXC1023,2024-04-06 05:21:00.000,2024-04-06 06:21:00.000,其他,,SB_Idle_待命
981,32,SMKEXC1023,2024-04-06 05:21:00.000,2024-04-06 06:21:00.000,其他,,SB_Idle_待命
982,42,IMTDSC1013,2024-04-06 09:33:00.000,2024-04-06 10:33:00.000,其他,,PD_Run_正常生產
983,42,IMTDSC1013,2024-04-06 09:48:00.000,2024-04-06 10:48:00.000,其他,,PD_Run_正常生產
984,42,IMTDSC1013,2024-04-06 09:54:00.000,2024-04-06 10:54:00.000,其他,,PD_Run_正常生產
985,42,IMTDSC1013,2024-04-06 11:54:00.000,2024-04-06 12:54:00.000,其他,,PD_Run_正常生產
986,42,IMTDSC1013,2024-04-06 12:09:00.000,2024-04-06 13:09:00.000,其他,,PD_Run_正常生產
987,42,IMTDSC1013,2024-04-06 12:36:00.000,2024-04-06 13:36:00.000,其他,,SB_Idle_待命
988,42,IMTDSC1013,2024-04-06 12:41:00.000,2024-04-06 13:41:00.000,其他,,SB_Idle_待命
989,42,IMTDSC1013,2024-04-06 12:51:00.000,2024-04-06 13:51:00.000,其他,,SB_Idle_待命
990,42,IMTDSC1013,2024-04-06 13:22:00.000,2024-04-06 14:22:00.000,其他,,PD_Run_正常生產
991,42,IMTDSC1013,2024-04-06 14:24:00.000,2024-04-06 15:24:00.000,其他,,PD_Run_正常生產
992,42,IMTDSC1013,2024-04-06 14:45:00.000,2024-04-06 15:45:00.000,其他,,PD_Run_正常生產
993,42,IMTDSC1013,2024-04-06 14:45:00.000,2024-04-06 15:45:00.000,其他,,PD_Run_正常生產
994,42,IMTDSC1013,2024-04-06 15:17:00.000,2024-04-06 16:17:00.000,其他,,SB_Idle_待命
995,42,IMTDSC1013,2024-04-07 09:37:00.000,2024-04-07 10:37:00.000,其他,,PD_Run_正常生產
996,42,IMTDSC1013,2024-04-07 11:44:00.000,2024-04-07 12:44:00.000,其他,,PD_Run_正常生產
997,42,IMTDSC1013,2024-04-07 12:31:00.000,2024-04-07 13:31:00.000,其他,,SB_Idle_待命
998,42,IMTDSC1013,2024-04-07 14:22:00.000,2024-04-07 15:22:00.000,其他,,PD_Run_正常生產
999,42,IMTDSC1013,2024-04-07 14:44:00.000,2024-04-07 15:44:00.000,其他,,PD_Run_正常生產
1000,42,IMTDSC1013,2024-04-07 15:17:00.000,2024-04-07 16:17:00.000,其他,,SB_Idle_待命
